[INFO] Downloading from central: https://repo.maven.apache.org/maven2/org/l2x6/cq/cq-alias-fastinstall-quickly-extension/4.27.2/cq-alias-fastinstall-quickly-extension-4.27.2.pom
[INFO] Downloaded from central: https://repo.maven.apache.org/maven2/org/l2x6/cq/cq-alias-fastinstall-quickly-extension/4.27.2/cq-alias-fastinstall-quickly-extension-4.27.2.pom (2.0 kB at 2.1 kB/s)
[INFO] Downloading from central: https://repo.maven.apache.org/maven2/org/l2x6/cq/cq/4.27.2/cq-4.27.2.pom
[INFO] Downloaded from central: https://repo.maven.apache.org/maven2/org/l2x6/cq/cq/4.27.2/cq-4.27.2.pom (30 kB at 573 kB/s)
[INFO] Downloading from central: https://repo.maven.apache.org/maven2/org/l2x6/cq/cq-alias-fastinstall-quickly-extension/4.27.2/cq-alias-fastinstall-quickly-extension-4.27.2.jar
[INFO] Downloaded from central: https://repo.maven.apache.org/maven2/org/l2x6/cq/cq-alias-fastinstall-quickly-extension/4.27.2/cq-alias-fastinstall-quickly-extension-4.27.2.jar (4.0 kB at 118 kB/s)
[INFO] Downloading from central: https://repo.maven.apache.org/maven2/eu/maveniverse/maven/nisse/extension/0.9.4/extension-0.9.4.pom
[INFO] Downloaded from central: https://repo.maven.apache.org/maven2/eu/maveniverse/maven/nisse/extension/0.9.4/extension-0.9.4.pom (2.8 kB at 71 kB/s)
[INFO] Downloading from central: https://repo.maven.apache.org/maven2/eu/maveniverse/maven/nisse/nisse/0.9.4/nisse-0.9.4.pom
[INFO] Downloaded from central: https://repo.maven.apache.org/maven2/eu/maveniverse/maven/nisse/nisse/0.9.4/nisse-0.9.4.pom (7.0 kB at 167 kB/s)
[INFO] Downloading from central: https://repo.maven.apache.org/maven2/eu/maveniverse/maven/parent/parent/57/parent-57.pom
[INFO] Downloaded from central: https://repo.maven.apache.org/maven2/eu/maveniverse/maven/parent/parent/57/parent-57.pom (26 kB at 654 kB/s)
[INFO] Downloading from central: https://repo.maven.apache.org/maven2/eu/maveniverse/maven/nisse/extension3/0.9.4/extension3-0.9.4.pom
[INFO] Downloaded from central: https://repo.maven.apache.org/maven2/eu/maveniverse/maven/nisse/extension3/0.9.4/extension3-0.9.4.pom (4.0 kB at 160 kB/s)
[INFO] Downloading from central: https://repo.maven.apache.org/maven2/eu/maveniverse/maven/nisse/core/0.9.4/core-0.9.4.pom
[INFO] Downloaded from central: https://repo.maven.apache.org/maven2/eu/maveniverse/maven/nisse/core/0.9.4/core-0.9.4.pom (1.5 kB at 47 kB/s)
[INFO] Downloading from central: https://repo.maven.apache.org/maven2/eu/maveniverse/maven/nisse/sources/file-source/0.9.4/file-source-0.9.4.pom
[INFO] Downloaded from central: https://repo.maven.apache.org/maven2/eu/maveniverse/maven/nisse/sources/file-source/0.9.4/file-source-0.9.4.pom (1.5 kB at 48 kB/s)
[INFO] Downloading from central: https://repo.maven.apache.org/maven2/eu/maveniverse/maven/nisse/sources/sources/0.9.4/sources-0.9.4.pom
[INFO] Downloaded from central: https://repo.maven.apache.org/maven2/eu/maveniverse/maven/nisse/sources/sources/0.9.4/sources-0.9.4.pom (1.1 kB at 37 kB/s)
[INFO] Downloading from central: https://repo.maven.apache.org/maven2/eu/maveniverse/maven/nisse/sources/jgit-source/0.9.4/jgit-source-0.9.4.pom
[INFO] Downloaded from central: https://repo.maven.apache.org/maven2/eu/maveniverse/maven/nisse/sources/jgit-source/0.9.4/jgit-source-0.9.4.pom (2.1 kB at 78 kB/s)
[INFO] Downloading from central: https://repo.maven.apache.org/maven2/org/eclipse/jgit/org.eclipse.jgit/5.13.5.202508271544-r/org.eclipse.jgit-5.13.5.202508271544-r.pom
[INFO] Downloaded from central: https://repo.maven.apache.org/maven2/org/eclipse/jgit/org.eclipse.jgit/5.13.5.202508271544-r/org.eclipse.jgit-5.13.5.202508271544-r.pom (7.6 kB at 236 kB/s)
[INFO] Downloading from central: https://repo.maven.apache.org/maven2/org/eclipse/jgit/org.eclipse.jgit-parent/5.13.5.202508271544-r/org.eclipse.jgit-parent-5.13.5.202508271544-r.pom
[INFO] Downloaded from central: https://repo.maven.apache.org/maven2/org/eclipse/jgit/org.eclipse.jgit-parent/5.13.5.202508271544-r/org.eclipse.jgit-parent-5.13.5.202508271544-r.pom (33 kB at 964 kB/s)
[INFO] Downloading from central: https://repo.maven.apache.org/maven2/com/googlecode/javaewah/JavaEWAH/1.1.13/JavaEWAH-1.1.13.pom
[INFO] Downloaded from central: https://repo.maven.apache.org/maven2/com/googlecode/javaewah/JavaEWAH/1.1.13/JavaEWAH-1.1.13.pom (5.0 kB at 171 kB/s)
[INFO] Downloading from central: https://repo.maven.apache.org/maven2/eu/maveniverse/maven/nisse/sources/mvn-source/0.9.4/mvn-source-0.9.4.pom
[INFO] Downloaded from central: https://repo.maven.apache.org/maven2/eu/maveniverse/maven/nisse/sources/mvn-source/0.9.4/mvn-source-0.9.4.pom (1.5 kB at 45 kB/s)
[INFO] Downloading from central: https://repo.maven.apache.org/maven2/eu/maveniverse/maven/nisse/sources/os-source/0.9.4/os-source-0.9.4.pom
[INFO] Downloaded from central: https://repo.maven.apache.org/maven2/eu/maveniverse/maven/nisse/sources/os-source/0.9.4/os-source-0.9.4.pom (1.5 kB at 46 kB/s)
[INFO] Downloading from central: https://repo.maven.apache.org/maven2/eu/maveniverse/maven/shared/extension/0.2.5/extension-0.2.5.pom
[INFO] Downloaded from central: https://repo.maven.apache.org/maven2/eu/maveniverse/maven/shared/extension/0.2.5/extension-0.2.5.pom (2.5 kB at 85 kB/s)
[INFO] Downloading from central: https://repo.maven.apache.org/maven2/eu/maveniverse/maven/shared/shared/0.2.5/shared-0.2.5.pom
[INFO] Downloaded from central: https://repo.maven.apache.org/maven2/eu/maveniverse/maven/shared/shared/0.2.5/shared-0.2.5.pom (6.9 kB at 245 kB/s)
[INFO] Downloading from central: https://repo.maven.apache.org/maven2/eu/maveniverse/maven/parent/parent/55/parent-55.pom
[INFO] Downloaded from central: https://repo.maven.apache.org/maven2/eu/maveniverse/maven/parent/parent/55/parent-55.pom (26 kB at 899 kB/s)
[INFO] Downloading from central: https://repo.maven.apache.org/maven2/eu/maveniverse/maven/shared/core/0.2.5/core-0.2.5.pom
[INFO] Downloaded from central: https://repo.maven.apache.org/maven2/eu/maveniverse/maven/shared/core/0.2.5/core-0.2.5.pom (1.3 kB at 41 kB/s)
[INFO] Downloading from central: https://repo.maven.apache.org/maven2/eu/maveniverse/maven/nisse/extension4/0.9.4/extension4-0.9.4.pom
[INFO] Downloaded from central: https://repo.maven.apache.org/maven2/eu/maveniverse/maven/nisse/extension4/0.9.4/extension4-0.9.4.pom (3.3 kB at 132 kB/s)
[INFO] Downloading from central: https://repo.maven.apache.org/maven2/eu/maveniverse/maven/nisse/extension/0.9.4/extension-0.9.4.jar
[INFO] Downloaded from central: https://repo.maven.apache.org/maven2/eu/maveniverse/maven/nisse/extension/0.9.4/extension-0.9.4.jar (2.0 kB at 86 kB/s)
[INFO] Downloading from central: https://repo.maven.apache.org/maven2/eu/maveniverse/maven/nisse/extension3/0.9.4/extension3-0.9.4.jar
[INFO] Downloading from central: https://repo.maven.apache.org/maven2/eu/maveniverse/maven/nisse/core/0.9.4/core-0.9.4.jar
[INFO] Downloading from central: https://repo.maven.apache.org/maven2/eu/maveniverse/maven/nisse/sources/file-source/0.9.4/file-source-0.9.4.jar
[INFO] Downloading from central: https://repo.maven.apache.org/maven2/eu/maveniverse/maven/nisse/sources/jgit-source/0.9.4/jgit-source-0.9.4.jar
[INFO] Downloading from central: https://repo.maven.apache.org/maven2/org/eclipse/jgit/org.eclipse.jgit/5.13.5.202508271544-r/org.eclipse.jgit-5.13.5.202508271544-r.jar
[INFO] Downloaded from central: https://repo.maven.apache.org/maven2/eu/maveniverse/maven/nisse/extension3/0.9.4/extension3-0.9.4.jar (15 kB at 616 kB/s)
[INFO] Downloading from central: https://repo.maven.apache.org/maven2/com/googlecode/javaewah/JavaEWAH/1.1.13/JavaEWAH-1.1.13.jar
[INFO] Downloaded from central: https://repo.maven.apache.org/maven2/eu/maveniverse/maven/nisse/sources/file-source/0.9.4/file-source-0.9.4.jar (5.2 kB at 69 kB/s)
[INFO] Downloading from central: https://repo.maven.apache.org/maven2/eu/maveniverse/maven/nisse/sources/mvn-source/0.9.4/mvn-source-0.9.4.jar
[INFO] Downloaded from central: https://repo.maven.apache.org/maven2/com/googlecode/javaewah/JavaEWAH/1.1.13/JavaEWAH-1.1.13.jar (167 kB at 2.3 MB/s)
[INFO] Downloading from central: https://repo.maven.apache.org/maven2/eu/maveniverse/maven/nisse/sources/os-source/0.9.4/os-source-0.9.4.jar
[INFO] Downloaded from central: https://repo.maven.apache.org/maven2/eu/maveniverse/maven/nisse/core/0.9.4/core-0.9.4.jar (19 kB at 222 kB/s)
[INFO] Downloading from central: https://repo.maven.apache.org/maven2/eu/maveniverse/maven/shared/extension/0.2.5/extension-0.2.5.jar
[INFO] Downloaded from central: https://repo.maven.apache.org/maven2/eu/maveniverse/maven/nisse/sources/jgit-source/0.9.4/jgit-source-0.9.4.jar (20 kB at 221 kB/s)
[INFO] Downloading from central: https://repo.maven.apache.org/maven2/eu/maveniverse/maven/shared/core/0.2.5/core-0.2.5.jar
[INFO] Downloaded from central: https://repo.maven.apache.org/maven2/eu/maveniverse/maven/nisse/sources/mvn-source/0.9.4/mvn-source-0.9.4.jar (6.1 kB at 64 kB/s)
[INFO] Downloading from central: https://repo.maven.apache.org/maven2/eu/maveniverse/maven/nisse/extension4/0.9.4/extension4-0.9.4.jar
[INFO] Downloaded from central: https://repo.maven.apache.org/maven2/eu/maveniverse/maven/nisse/sources/os-source/0.9.4/os-source-0.9.4.jar (10 kB at 99 kB/s)
[INFO] Downloaded from central: https://repo.maven.apache.org/maven2/eu/maveniverse/maven/nisse/extension4/0.9.4/extension4-0.9.4.jar (5.7 kB at 46 kB/s)
[INFO] Downloaded from central: https://repo.maven.apache.org/maven2/eu/maveniverse/maven/shared/core/0.2.5/core-0.2.5.jar (21 kB at 167 kB/s)
[INFO] Downloaded from central: https://repo.maven.apache.org/maven2/eu/maveniverse/maven/shared/extension/0.2.5/extension-0.2.5.jar (6.2 kB at 47 kB/s)
[INFO] Downloaded from central: https://repo.maven.apache.org/maven2/org/eclipse/jgit/org.eclipse.jgit/5.13.5.202508271544-r/org.eclipse.jgit-5.13.5.202508271544-r.jar (2.9 MB at 10 MB/s)
[INFO] Downloading from central: https://repo.maven.apache.org/maven2/com/gradle/common-custom-user-data-maven-extension/2.4.0/common-custom-user-data-maven-extension-2.4.0.pom
[INFO] Downloaded from central: https://repo.maven.apache.org/maven2/com/gradle/common-custom-user-data-maven-extension/2.4.0/common-custom-user-data-maven-extension-2.4.0.pom (7.8 kB at 218 kB/s)
[INFO] Downloading from central: https://repo.maven.apache.org/maven2/com/gradle/common-custom-user-data-maven-extension/2.4.0/common-custom-user-data-maven-extension-2.4.0.jar
[INFO] Downloaded from central: https://repo.maven.apache.org/maven2/com/gradle/common-custom-user-data-maven-extension/2.4.0/common-custom-user-data-maven-extension-2.4.0.jar (9.2 MB at 12 MB/s)
[INFO] Downloading from central: https://repo.maven.apache.org/maven2/eu/maveniverse/maven/scalpel/extension3/0.3.9/extension3-0.3.9.pom
[INFO] Downloaded from central: https://repo.maven.apache.org/maven2/eu/maveniverse/maven/scalpel/extension3/0.3.9/extension3-0.3.9.pom (2.6 kB at 59 kB/s)
[INFO] Downloading from central: https://repo.maven.apache.org/maven2/eu/maveniverse/maven/scalpel/scalpel/0.3.9/scalpel-0.3.9.pom
[INFO] Downloaded from central: https://repo.maven.apache.org/maven2/eu/maveniverse/maven/scalpel/scalpel/0.3.9/scalpel-0.3.9.pom (5.5 kB at 177 kB/s)
[INFO] Downloading from central: https://repo.maven.apache.org/maven2/eu/maveniverse/maven/scalpel/core/0.3.9/core-0.3.9.pom
[INFO] Downloaded from central: https://repo.maven.apache.org/maven2/eu/maveniverse/maven/scalpel/core/0.3.9/core-0.3.9.pom (1.9 kB at 51 kB/s)
[INFO] Downloading from central: https://repo.maven.apache.org/maven2/eu/maveniverse/maven/scalpel/extension3/0.3.9/extension3-0.3.9.jar
[INFO] Downloaded from central: https://repo.maven.apache.org/maven2/eu/maveniverse/maven/scalpel/extension3/0.3.9/extension3-0.3.9.jar (49 kB at 1.8 MB/s)
[INFO] Downloading from central: https://repo.maven.apache.org/maven2/eu/maveniverse/maven/scalpel/core/0.3.9/core-0.3.9.jar
[INFO] Downloaded from central: https://repo.maven.apache.org/maven2/eu/maveniverse/maven/scalpel/core/0.3.9/core-0.3.9.jar (32 kB at 1.2 MB/s)
[INFO] Maveniverse Nisse 0.9.4 loaded
[INFO] Nisse injecting 28 properties into User Properties
[INFO] Scanning for projects...
[INFO] Downloading from central: https://repo1.maven.org/maven2/io/netty/netty-bom/4.2.16.Final/netty-bom-4.2.16.Final.pom
[INFO] Downloaded from central: https://repo1.maven.org/maven2/io/netty/netty-bom/4.2.16.Final/netty-bom-4.2.16.Final.pom (19 kB at 151 kB/s)
[INFO] Downloading from central: https://repo1.maven.org/maven2/com/fasterxml/jackson/jackson-bom/2.22.1/jackson-bom-2.22.1.pom
[INFO] Downloaded from central: https://repo1.maven.org/maven2/com/fasterxml/jackson/jackson-bom/2.22.1/jackson-bom-2.22.1.pom (20 kB at 595 kB/s)
[INFO] Downloading from central: https://repo1.maven.org/maven2/com/fasterxml/jackson/jackson-parent/2.22/jackson-parent-2.22.pom
[INFO] Downloaded from central: https://repo1.maven.org/maven2/com/fasterxml/jackson/jackson-parent/2.22/jackson-parent-2.22.pom (6.9 kB at 215 kB/s)
[INFO] Downloading from central: https://repo1.maven.org/maven2/com/azure/azure-sdk-bom/1.3.3/azure-sdk-bom-1.3.3.pom
[INFO] Downloaded from central: https://repo1.maven.org/maven2/com/azure/azure-sdk-bom/1.3.3/azure-sdk-bom-1.3.3.pom (21 kB at 458 kB/s)
[INFO] Downloading from central: https://repo1.maven.org/maven2/org/springframework/cloud/spring-cloud-config-dependencies/5.0.4/spring-cloud-config-dependencies-5.0.4.pom
[INFO] Downloaded from central: https://repo1.maven.org/maven2/org/springframework/cloud/spring-cloud-config-dependencies/5.0.4/spring-cloud-config-dependencies-5.0.4.pom (7.5 kB at 226 kB/s)
[INFO] Downloading from central: https://repo1.maven.org/maven2/org/springframework/cloud/spring-cloud-dependencies-parent/5.0.2/spring-cloud-dependencies-parent-5.0.2.pom
[INFO] Downloaded from central: https://repo1.maven.org/maven2/org/springframework/cloud/spring-cloud-dependencies-parent/5.0.2/spring-cloud-dependencies-parent-5.0.2.pom (7.6 kB at 217 kB/s)
[INFO] Downloading from central: https://repo1.maven.org/maven2/org/springframework/ai/spring-ai-bom/2.0.0/spring-ai-bom-2.0.0.pom
[INFO] Downloaded from central: https://repo1.maven.org/maven2/org/springframework/ai/spring-ai-bom/2.0.0/spring-ai-bom-2.0.0.pom (37 kB at 850 kB/s)
[INFO] Downloading from central: https://repo1.maven.org/maven2/tools/jackson/jackson-bom/3.2.1/jackson-bom-3.2.1.pom
[INFO] Downloaded from central: https://repo1.maven.org/maven2/tools/jackson/jackson-bom/3.2.1/jackson-bom-3.2.1.pom (20 kB at 584 kB/s)
[INFO] Downloading from central: https://repo1.maven.org/maven2/io/opentelemetry/opentelemetry-bom-alpha/1.64.0-alpha/opentelemetry-bom-alpha-1.64.0-alpha.pom
[INFO] Downloaded from central: https://repo1.maven.org/maven2/io/opentelemetry/opentelemetry-bom-alpha/1.64.0-alpha/opentelemetry-bom-alpha-1.64.0-alpha.pom (3.3 kB at 125 kB/s)
[INFO] Downloading from central: https://repo1.maven.org/maven2/org/smooks/smooks-bom/2.2.1/smooks-bom-2.2.1.pom
[INFO] Downloaded from central: https://repo1.maven.org/maven2/org/smooks/smooks-bom/2.2.1/smooks-bom-2.2.1.pom (11 kB at 336 kB/s)
[INFO] Downloading from central: https://repo.maven.apache.org/maven2/io/quarkus/platform/quarkus-maven-plugin/3.38.0/quarkus-maven-plugin-3.38.0.pom
[INFO] Downloaded from central: https://repo.maven.apache.org/maven2/io/quarkus/platform/quarkus-maven-plugin/3.38.0/quarkus-maven-plugin-3.38.0.pom (10 kB at 273 kB/s)
[INFO] Downloading from central: https://repo.maven.apache.org/maven2/io/quarkus/platform/quarkus-bom/3.38.0/quarkus-bom-3.38.0.pom
[INFO] Downloaded from central: https://repo.maven.apache.org/maven2/io/quarkus/platform/quarkus-bom/3.38.0/quarkus-bom-3.38.0.pom (415 kB at 8.1 MB/s)
[INFO] Downloading from central: https://repo.maven.apache.org/maven2/io/quarkus/quarkus-bootstrap-core/3.38.0/quarkus-bootstrap-core-3.38.0.pom
[INFO] Downloaded from central: https://repo.maven.apache.org/maven2/io/quarkus/quarkus-bootstrap-core/3.38.0/quarkus-bootstrap-core-3.38.0.pom (5.2 kB at 152 kB/s)
[INFO] Downloading from central: https://repo.maven.apache.org/maven2/io/quarkus/quarkus-bootstrap-parent/3.38.0/quarkus-bootstrap-parent-3.38.0.pom
[INFO] Downloaded from central: https://repo.maven.apache.org/maven2/io/quarkus/quarkus-bootstrap-parent/3.38.0/quarkus-bootstrap-parent-3.38.0.pom (15 kB at 416 kB/s)
[INFO] Downloading from central: https://repo.maven.apache.org/maven2/io/quarkus/quarkus-parent/3.38.0/quarkus-parent-3.38.0.pom
[INFO] Downloaded from central: https://repo.maven.apache.org/maven2/io/quarkus/quarkus-parent/3.38.0/quarkus-parent-3.38.0.pom (32 kB at 901 kB/s)
[INFO] Downloading from central: https://repo.maven.apache.org/maven2/io/quarkus/quarkus-bootstrap-bom/3.38.0/quarkus-bootstrap-bom-3.38.0.pom
[INFO] Downloaded from central: https://repo.maven.apache.org/maven2/io/quarkus/quarkus-bootstrap-bom/3.38.0/quarkus-bootstrap-bom-3.38.0.pom (23 kB at 687 kB/s)
[INFO] Downloading from gradle: https://repo.gradle.org/artifactory/libs-releases/io/smallrye/common/smallrye-common-bom/2.19.0/smallrye-common-bom-2.19.0.pom
[INFO] Downloading from central: https://repo.maven.apache.org/maven2/io/smallrye/common/smallrye-common-bom/2.19.0/smallrye-common-bom-2.19.0.pom
[INFO] Downloaded from central: https://repo.maven.apache.org/maven2/io/smallrye/common/smallrye-common-bom/2.19.0/smallrye-common-bom-2.19.0.pom (5.6 kB at 140 kB/s)
[INFO] Downloading from central: https://repo.maven.apache.org/maven2/io/quarkus/quarkus-bootstrap-bom-test/3.38.0/quarkus-bootstrap-bom-test-3.38.0.pom
[INFO] Downloaded from central: https://repo.maven.apache.org/maven2/io/quarkus/quarkus-bootstrap-bom-test/3.38.0/quarkus-bootstrap-bom-test-3.38.0.pom (3.0 kB at 77 kB/s)
[INFO] Downloading from central: https://repo.maven.apache.org/maven2/io/quarkus/quarkus-classloader-commons/3.38.0/quarkus-classloader-commons-3.38.0.pom
[INFO] Downloaded from central: https://repo.maven.apache.org/maven2/io/quarkus/quarkus-classloader-commons/3.38.0/quarkus-classloader-commons-3.38.0.pom (1.5 kB at 37 kB/s)
[INFO] Downloading from central: https://repo.maven.apache.org/maven2/io/quarkus/quarkus-value-registry/3.38.0/quarkus-value-registry-3.38.0.pom
[INFO] Downloaded from central: https://repo.maven.apache.org/maven2/io/quarkus/quarkus-value-registry/3.38.0/quarkus-value-registry-3.38.0.pom (806 B at 25 kB/s)
[INFO] Downloading from central: https://repo.maven.apache.org/maven2/io/quarkus/quarkus-bootstrap-app-model/3.38.0/quarkus-bootstrap-app-model-3.38.0.pom
[INFO] Downloaded from central: https://repo.maven.apache.org/maven2/io/quarkus/quarkus-bootstrap-app-model/3.38.0/quarkus-bootstrap-app-model-3.38.0.pom (3.7 kB at 120 kB/s)
[INFO] Downloading from central: https://repo.maven.apache.org/maven2/io/quarkus/quarkus-fs-util/1.4.2/quarkus-fs-util-1.4.2.pom
[INFO] Downloaded from central: https://repo.maven.apache.org/maven2/io/quarkus/quarkus-fs-util/1.4.2/quarkus-fs-util-1.4.2.pom (10 kB at 302 kB/s)
[INFO] Downloading from central: https://repo.maven.apache.org/maven2/org/jboss/jboss-parent/51/jboss-parent-51.pom
[INFO] Downloaded from central: https://repo.maven.apache.org/maven2/org/jboss/jboss-parent/51/jboss-parent-51.pom (104 kB at 2.7 MB/s)
[INFO] Downloading from central: https://repo.maven.apache.org/maven2/org/jboss/logging/jboss-logging/3.6.3.Final/jboss-logging-3.6.3.Final.pom
[INFO] Downloaded from central: https://repo.maven.apache.org/maven2/org/jboss/logging/jboss-logging/3.6.3.Final/jboss-logging-3.6.3.Final.pom (23 kB at 596 kB/s)
[INFO] Downloading from central: https://repo.maven.apache.org/maven2/org/jboss/jboss-parent/52/jboss-parent-52.pom
[INFO] Downloaded from central: https://repo.maven.apache.org/maven2/org/jboss/jboss-parent/52/jboss-parent-52.pom (102 kB at 2.8 MB/s)
[INFO] Downloading from central: https://repo.maven.apache.org/maven2/io/smallrye/classfile/jdk-classfile-backport/26/jdk-classfile-backport-26.pom
[INFO] Downloaded from central: https://repo.maven.apache.org/maven2/io/smallrye/classfile/jdk-classfile-backport/26/jdk-classfile-backport-26.pom (4.0 kB at 111 kB/s)
[INFO] Downloading from central: https://repo.maven.apache.org/maven2/io/smallrye/smallrye-build-parent/48/smallrye-build-parent-48.pom
[INFO] Downloaded from central: https://repo.maven.apache.org/maven2/io/smallrye/smallrye-build-parent/48/smallrye-build-parent-48.pom (69 kB at 2.0 MB/s)
[INFO] Downloading from central: https://repo.maven.apache.org/maven2/org/jboss/logging/commons-logging-jboss-logging/2.0.0.Final/commons-logging-jboss-logging-2.0.0.Final.pom
[INFO] Downloaded from central: https://repo.maven.apache.org/maven2/org/jboss/logging/commons-logging-jboss-logging/2.0.0.Final/commons-logging-jboss-logging-2.0.0.Final.pom (13 kB at 422 kB/s)
[INFO] Downloading from central: https://repo.maven.apache.org/maven2/io/quarkus/quarkus-bootstrap-json/3.38.0/quarkus-bootstrap-json-3.38.0.pom
[INFO] Downloaded from central: https://repo.maven.apache.org/maven2/io/quarkus/quarkus-bootstrap-json/3.38.0/quarkus-bootstrap-json-3.38.0.pom (2.9 kB at 94 kB/s)
[INFO] Downloading from central: https://repo.maven.apache.org/maven2/io/smallrye/common/smallrye-common-io/2.19.0/smallrye-common-io-2.19.0.pom
[INFO] Downloaded from central: https://repo.maven.apache.org/maven2/io/smallrye/common/smallrye-common-io/2.19.0/smallrye-common-io-2.19.0.pom (3.1 kB at 92 kB/s)
[INFO] Downloading from central: https://repo.maven.apache.org/maven2/io/smallrye/common/smallrye-common-parent/2.19.0/smallrye-common-parent-2.19.0.pom
[INFO] Downloaded from central: https://repo.maven.apache.org/maven2/io/smallrye/common/smallrye-common-parent/2.19.0/smallrye-common-parent-2.19.0.pom (11 kB at 353 kB/s)
[INFO] Downloading from central: https://repo.maven.apache.org/maven2/io/smallrye/smallrye-parent/49/smallrye-parent-49.pom
[INFO] Downloaded from central: https://repo.maven.apache.org/maven2/io/smallrye/smallrye-parent/49/smallrye-parent-49.pom (5.9 kB at 204 kB/s)
[INFO] Downloading from central: https://repo.maven.apache.org/maven2/io/smallrye/smallrye-build-parent/49/smallrye-build-parent-49.pom
[INFO] Downloaded from central: https://repo.maven.apache.org/maven2/io/smallrye/smallrye-build-parent/49/smallrye-build-parent-49.pom (66 kB at 1.9 MB/s)
[INFO] Downloading from central: https://repo.maven.apache.org/maven2/io/smallrye/common/smallrye-common-annotation/2.19.0/smallrye-common-annotation-2.19.0.pom
[INFO] Downloaded from central: https://repo.maven.apache.org/maven2/io/smallrye/common/smallrye-common-annotation/2.19.0/smallrye-common-annotation-2.19.0.pom (3.4 kB at 108 kB/s)
[INFO] Downloading from central: https://repo.maven.apache.org/maven2/io/smallrye/common/smallrye-common-constraint/2.19.0/smallrye-common-constraint-2.19.0.pom
[INFO] Downloaded from central: https://repo.maven.apache.org/maven2/io/smallrye/common/smallrye-common-constraint/2.19.0/smallrye-common-constraint-2.19.0.pom (2.5 kB at 72 kB/s)
[INFO] Downloading from central: https://repo.maven.apache.org/maven2/io/smallrye/common/smallrye-common-os/2.19.0/smallrye-common-os-2.19.0.pom
[INFO] Downloaded from central: https://repo.maven.apache.org/maven2/io/smallrye/common/smallrye-common-os/2.19.0/smallrye-common-os-2.19.0.pom (1.7 kB at 41 kB/s)
[INFO] Downloading from central: https://repo.maven.apache.org/maven2/io/smallrye/common/smallrye-common-search/2.19.0/smallrye-common-search-2.19.0.pom
[INFO] Downloaded from central: https://repo.maven.apache.org/maven2/io/smallrye/common/smallrye-common-search/2.19.0/smallrye-common-search-2.19.0.pom (1.8 kB at 55 kB/s)
[INFO] Downloading from central: https://repo.maven.apache.org/maven2/io/smallrye/common/smallrye-common-function/2.19.0/smallrye-common-function-2.19.0.pom
[INFO] Downloaded from central: https://repo.maven.apache.org/maven2/io/smallrye/common/smallrye-common-function/2.19.0/smallrye-common-function-2.19.0.pom (2.5 kB at 69 kB/s)
[INFO] Downloading from central: https://repo.maven.apache.org/maven2/io/quarkus/quarkus-bootstrap-maven-resolver/3.38.0/quarkus-bootstrap-maven-resolver-3.38.0.pom
[INFO] Downloaded from central: https://repo.maven.apache.org/maven2/io/quarkus/quarkus-bootstrap-maven-resolver/3.38.0/quarkus-bootstrap-maven-resolver-3.38.0.pom (7.4 kB at 213 kB/s)
[INFO] Downloading from central: https://repo.maven.apache.org/maven2/io/smallrye/beanbag/smallrye-beanbag-maven/1.6.1/smallrye-beanbag-maven-1.6.1.pom
[INFO] Downloaded from central: https://repo.maven.apache.org/maven2/io/smallrye/beanbag/smallrye-beanbag-maven/1.6.1/smallrye-beanbag-maven-1.6.1.pom (6.8 kB at 194 kB/s)
[INFO] Downloading from central: https://repo.maven.apache.org/maven2/io/smallrye/beanbag/smallrye-beanbag-parent/1.6.1/smallrye-beanbag-parent-1.6.1.pom
[INFO] Downloaded from central: https://repo.maven.apache.org/maven2/io/smallrye/beanbag/smallrye-beanbag-parent/1.6.1/smallrye-beanbag-parent-1.6.1.pom (16 kB at 492 kB/s)
[INFO] Downloading from central: https://repo.maven.apache.org/maven2/io/smallrye/smallrye-parent/48/smallrye-parent-48.pom
[INFO] Downloaded from central: https://repo.maven.apache.org/maven2/io/smallrye/smallrye-parent/48/smallrye-parent-48.pom (5.9 kB at 169 kB/s)
[INFO] Downloading from central: https://repo.maven.apache.org/maven2/io/smallrye/common/smallrye-common-bom/2.15.0/smallrye-common-bom-2.15.0.pom
[INFO] Downloaded from central: https://repo.maven.apache.org/maven2/io/smallrye/common/smallrye-common-bom/2.15.0/smallrye-common-bom-2.15.0.pom (5.4 kB at 158 kB/s)
[INFO] Downloading from central: https://repo.maven.apache.org/maven2/org/junit/junit-bom/6.0.1/junit-bom-6.0.1.pom
[INFO] Downloaded from central: https://repo.maven.apache.org/maven2/org/junit/junit-bom/6.0.1/junit-bom-6.0.1.pom (5.1 kB at 146 kB/s)
[INFO] Downloading from central: https://repo.maven.apache.org/maven2/io/smallrye/beanbag/smallrye-beanbag-sisu/1.6.1/smallrye-beanbag-sisu-1.6.1.pom
[INFO] Downloaded from central: https://repo.maven.apache.org/maven2/io/smallrye/beanbag/smallrye-beanbag-sisu/1.6.1/smallrye-beanbag-sisu-1.6.1.pom (1.4 kB at 43 kB/s)
[INFO] Downloading from central: https://repo.maven.apache.org/maven2/io/smallrye/beanbag/smallrye-beanbag/1.6.1/smallrye-beanbag-1.6.1.pom
[INFO] Downloaded from central: https://repo.maven.apache.org/maven2/io/smallrye/beanbag/smallrye-beanbag/1.6.1/smallrye-beanbag-1.6.1.pom (964 B at 29 kB/s)
[INFO] Downloading from central: https://repo.maven.apache.org/maven2/org/apache/maven/maven-settings/3.9.16/maven-settings-3.9.16.pom
[INFO] Downloaded from central: https://repo.maven.apache.org/maven2/org/apache/maven/maven-settings/3.9.16/maven-settings-3.9.16.pom (1.8 kB at 65 kB/s)
[INFO] Downloading from central: https://repo.maven.apache.org/maven2/org/apache/maven/maven-settings-builder/3.9.16/maven-settings-builder-3.9.16.pom
[INFO] Downloaded from central: https://repo.maven.apache.org/maven2/org/apache/maven/maven-settings-builder/3.9.16/maven-settings-builder-3.9.16.pom (2.6 kB at 79 kB/s)
[INFO] Downloading from central: https://repo.maven.apache.org/maven2/org/codehaus/plexus/plexus-xml/4.0.2/plexus-xml-4.0.2.pom
[INFO] Downloaded from central: https://repo.maven.apache.org/maven2/org/codehaus/plexus/plexus-xml/4.0.2/plexus-xml-4.0.2.pom (4.2 kB at 108 kB/s)
[INFO] Downloading from central: https://repo.maven.apache.org/maven2/org/apache/maven/maven-xml-impl/4.0.0-alpha-7/maven-xml-impl-4.0.0-alpha-7.pom
[INFO] Downloaded from central: https://repo.maven.apache.org/maven2/org/apache/maven/maven-xml-impl/4.0.0-alpha-7/maven-xml-impl-4.0.0-alpha-7.pom (1.9 kB at 65 kB/s)
[INFO] Downloading from central: https://repo.maven.apache.org/maven2/org/apache/maven/maven/4.0.0-alpha-7/maven-4.0.0-alpha-7.pom
[INFO] Downloaded from central: https://repo.maven.apache.org/maven2/org/apache/maven/maven/4.0.0-alpha-7/maven-4.0.0-alpha-7.pom (26 kB at 690 kB/s)
[INFO] Downloading from central: https://repo.maven.apache.org/maven2/org/apache/maven/maven-bom/4.0.0-alpha-7/maven-bom-4.0.0-alpha-7.pom
[INFO] Downloaded from central: https://repo.maven.apache.org/maven2/org/apache/maven/maven-bom/4.0.0-alpha-7/maven-bom-4.0.0-alpha-7.pom (6.3 kB at 176 kB/s)
[INFO] Downloading from central: https://repo.maven.apache.org/maven2/org/junit/junit-bom/5.9.1/junit-bom-5.9.1.pom
[INFO] Downloaded from central: https://repo.maven.apache.org/maven2/org/junit/junit-bom/5.9.1/junit-bom-5.9.1.pom (5.6 kB at 156 kB/s)
[INFO] Downloading from central: https://repo.maven.apache.org/maven2/org/apache/maven/maven-api-xml/4.0.0-alpha-7/maven-api-xml-4.0.0-alpha-7.pom
[INFO] Downloaded from central: https://repo.maven.apache.org/maven2/org/apache/maven/maven-api-xml/4.0.0-alpha-7/maven-api-xml-4.0.0-alpha-7.pom (1.6 kB at 41 kB/s)
[INFO] Downloading from central: https://repo.maven.apache.org/maven2/org/apache/maven/maven-api/4.0.0-alpha-7/maven-api-4.0.0-alpha-7.pom
[INFO] Downloaded from central: https://repo.maven.apache.org/maven2/org/apache/maven/maven-api/4.0.0-alpha-7/maven-api-4.0.0-alpha-7.pom (3.6 kB at 116 kB/s)
[INFO] Downloading from central: https://repo.maven.apache.org/maven2/org/apache/maven/maven-api-meta/4.0.0-alpha-7/maven-api-meta-4.0.0-alpha-7.pom
[INFO] Downloaded from central: https://repo.maven.apache.org/maven2/org/apache/maven/maven-api-meta/4.0.0-alpha-7/maven-api-meta-4.0.0-alpha-7.pom (1.4 kB at 42 kB/s)
[INFO] Downloading from central: https://repo.maven.apache.org/maven2/org/jboss/logmanager/jboss-logmanager/3.2.2.Final/jboss-logmanager-3.2.2.Final.pom
[INFO] Downloaded from central: https://repo.maven.apache.org/maven2/org/jboss/logmanager/jboss-logmanager/3.2.2.Final/jboss-logmanager-3.2.2.Final.pom (18 kB at 555 kB/s)
[INFO] Downloading from central: https://repo.maven.apache.org/maven2/io/smallrye/common/smallrye-common-cpu/2.19.0/smallrye-common-cpu-2.19.0.pom
[INFO] Downloaded from central: https://repo.maven.apache.org/maven2/io/smallrye/common/smallrye-common-cpu/2.19.0/smallrye-common-cpu-2.19.0.pom (2.9 kB at 75 kB/s)
[INFO] Downloading from central: https://repo.maven.apache.org/maven2/io/smallrye/common/smallrye-common-expression/2.19.0/smallrye-common-expression-2.19.0.pom
[INFO] Downloaded from central: https://repo.maven.apache.org/maven2/io/smallrye/common/smallrye-common-expression/2.19.0/smallrye-common-expression-2.19.0.pom (2.6 kB at 88 kB/s)
[INFO] Downloading from central: https://repo.maven.apache.org/maven2/io/smallrye/common/smallrye-common-net/2.19.0/smallrye-common-net-2.19.0.pom
[INFO] Downloaded from central: https://repo.maven.apache.org/maven2/io/smallrye/common/smallrye-common-net/2.19.0/smallrye-common-net-2.19.0.pom (2.8 kB at 78 kB/s)
[INFO] Downloading from central: https://repo.maven.apache.org/maven2/io/smallrye/common/smallrye-common-ref/2.19.0/smallrye-common-ref-2.19.0.pom
[INFO] Downloaded from central: https://repo.maven.apache.org/maven2/io/smallrye/common/smallrye-common-ref/2.19.0/smallrye-common-ref-2.19.0.pom (1.8 kB at 63 kB/s)
[INFO] Downloading from central: https://repo.maven.apache.org/maven2/jakarta/json/jakarta.json-api/2.1.3/jakarta.json-api-2.1.3.pom
[INFO] Downloaded from central: https://repo.maven.apache.org/maven2/jakarta/json/jakarta.json-api/2.1.3/jakarta.json-api-2.1.3.pom (19 kB at 602 kB/s)
[INFO] Downloading from central: https://repo.maven.apache.org/maven2/org/eclipse/parsson/parsson/1.1.9/parsson-1.1.9.pom
[INFO] Downloaded from central: https://repo.maven.apache.org/maven2/org/eclipse/parsson/parsson/1.1.9/parsson-1.1.9.pom (4.6 kB at 145 kB/s)
[INFO] Downloading from central: https://repo.maven.apache.org/maven2/org/eclipse/parsson/project/1.1.9/project-1.1.9.pom
[INFO] Downloaded from central: https://repo.maven.apache.org/maven2/org/eclipse/parsson/project/1.1.9/project-1.1.9.pom (25 kB at 702 kB/s)
[INFO] Downloading from central: https://repo.maven.apache.org/maven2/org/jboss/slf4j/slf4j-jboss-logmanager/2.0.2.Final/slf4j-jboss-logmanager-2.0.2.Final.pom
[INFO] Downloaded from central: https://repo.maven.apache.org/maven2/org/jboss/slf4j/slf4j-jboss-logmanager/2.0.2.Final/slf4j-jboss-logmanager-2.0.2.Final.pom (12 kB at 280 kB/s)
[INFO] Downloading from central: https://repo.maven.apache.org/maven2/io/quarkus/quarkus-bootstrap-maven4-resolver/3.38.0/quarkus-bootstrap-maven4-resolver-3.38.0.pom
[INFO] Downloaded from central: https://repo.maven.apache.org/maven2/io/quarkus/quarkus-bootstrap-maven4-resolver/3.38.0/quarkus-bootstrap-maven4-resolver-3.38.0.pom (1.4 kB at 45 kB/s)
[INFO] Downloading from central: https://repo.maven.apache.org/maven2/org/apache/maven/maven-embedder/3.9.16/maven-embedder-3.9.16.pom
[INFO] Downloaded from central: https://repo.maven.apache.org/maven2/org/apache/maven/maven-embedder/3.9.16/maven-embedder-3.9.16.pom (6.7 kB at 215 kB/s)
[INFO] Downloading from central: https://repo.maven.apache.org/maven2/org/apache/maven/maven-core/3.9.16/maven-core-3.9.16.pom
[INFO] Downloaded from central: https://repo.maven.apache.org/maven2/org/apache/maven/maven-core/3.9.16/maven-core-3.9.16.pom (8.0 kB at 276 kB/s)
[INFO] Downloading from central: https://repo.maven.apache.org/maven2/org/apache/maven/maven-plugin-api/3.9.16/maven-plugin-api-3.9.16.pom
[INFO] Downloaded from central: https://repo.maven.apache.org/maven2/org/apache/maven/maven-plugin-api/3.9.16/maven-plugin-api-3.9.16.pom (3.1 kB at 97 kB/s)
[INFO] Downloading from central: https://repo.maven.apache.org/maven2/commons-cli/commons-cli/1.11.0/commons-cli-1.11.0.pom
[INFO] Downloaded from central: https://repo.maven.apache.org/maven2/commons-cli/commons-cli/1.11.0/commons-cli-1.11.0.pom (14 kB at 426 kB/s)
[INFO] Downloading from central: https://repo.maven.apache.org/maven2/io/quarkus/quarkus-core-deployment/3.38.0/quarkus-core-deployment-3.38.0.pom
[INFO] Downloaded from central: https://repo.maven.apache.org/maven2/io/quarkus/quarkus-core-deployment/3.38.0/quarkus-core-deployment-3.38.0.pom (13 kB at 383 kB/s)
[INFO] Downloading from central: https://repo.maven.apache.org/maven2/io/quarkus/quarkus-core-parent/3.38.0/quarkus-core-parent-3.38.0.pom
[INFO] Downloaded from central: https://repo.maven.apache.org/maven2/io/quarkus/quarkus-core-parent/3.38.0/quarkus-core-parent-3.38.0.pom (921 B at 29 kB/s)
[INFO] Downloading from central: https://repo.maven.apache.org/maven2/io/quarkus/quarkus-build-parent/3.38.0/quarkus-build-parent-3.38.0.pom
[INFO] Downloaded from central: https://repo.maven.apache.org/maven2/io/quarkus/quarkus-build-parent/3.38.0/quarkus-build-parent-3.38.0.pom (59 kB at 1.5 MB/s)
[INFO] Downloading from central: https://repo.maven.apache.org/maven2/io/quarkus/quarkus-project/3.38.0/quarkus-project-3.38.0.pom
[INFO] Downloaded from central: https://repo.maven.apache.org/maven2/io/quarkus/quarkus-project/3.38.0/quarkus-project-3.38.0.pom (14 kB at 446 kB/s)
[INFO] Downloading from central: https://repo.maven.apache.org/maven2/io/quarkus/quarkus-bom/3.38.0/quarkus-bom-3.38.0.pom
[INFO] Downloaded from central: https://repo.maven.apache.org/maven2/io/quarkus/quarkus-bom/3.38.0/quarkus-bom-3.38.0.pom (416 kB at 7.0 MB/s)
[INFO] Downloading from central: https://repo.maven.apache.org/maven2/org/aesh/readline/3.16.2/readline-3.16.2.pom
[INFO] Downloaded from central: https://repo.maven.apache.org/maven2/org/aesh/readline/3.16.2/readline-3.16.2.pom (4.9 kB at 129 kB/s)
[INFO] Downloading from central: https://repo.maven.apache.org/maven2/org/aesh/readline-all/3.16.2/readline-all-3.16.2.pom
[INFO] Downloaded from central: https://repo.maven.apache.org/maven2/org/aesh/readline-all/3.16.2/readline-all-3.16.2.pom (14 kB at 500 kB/s)
[INFO] Downloading from central: https://repo.maven.apache.org/maven2/org/aesh/terminal-api/3.16.2/terminal-api-3.16.2.pom
[INFO] Downloaded from central: https://repo.maven.apache.org/maven2/org/aesh/terminal-api/3.16.2/terminal-api-3.16.2.pom (3.9 kB at 143 kB/s)
[INFO] Downloading from central: https://repo.maven.apache.org/maven2/org/aesh/terminal-detect/3.16.2/terminal-detect-3.16.2.pom
[INFO] Downloaded from central: https://repo.maven.apache.org/maven2/org/aesh/terminal-detect/3.16.2/terminal-detect-3.16.2.pom (3.1 kB at 103 kB/s)
[INFO] Downloading from central: https://repo.maven.apache.org/maven2/org/aesh/readline-api/3.16.2/readline-api-3.16.2.pom
[INFO] Downloaded from central: https://repo.maven.apache.org/maven2/org/aesh/readline-api/3.16.2/readline-api-3.16.2.pom (2.5 kB at 69 kB/s)
[INFO] Downloading from central: https://repo.maven.apache.org/maven2/org/aesh/terminal-tty/3.16.2/terminal-tty-3.16.2.pom
[INFO] Downloaded from central: https://repo.maven.apache.org/maven2/org/aesh/terminal-tty/3.16.2/terminal-tty-3.16.2.pom (21 kB at 600 kB/s)
[INFO] Downloading from central: https://repo.maven.apache.org/maven2/org/aesh/aesh/3.16.4/aesh-3.16.4.pom
[INFO] Downloaded from central: https://repo.maven.apache.org/maven2/org/aesh/aesh/3.16.4/aesh-3.16.4.pom (4.0 kB at 33 kB/s)
[INFO] Downloading from central: https://repo.maven.apache.org/maven2/org/aesh/aesh-all/3.16.4/aesh-all-3.16.4.pom
[INFO] Downloaded from central: https://repo.maven.apache.org/maven2/org/aesh/aesh-all/3.16.4/aesh-all-3.16.4.pom (13 kB at 388 kB/s)
[INFO] Downloading from central: https://repo.maven.apache.org/maven2/org/wildfly/common/wildfly-common/2.0.1/wildfly-common-2.0.1.pom
[INFO] Downloaded from central: https://repo.maven.apache.org/maven2/org/wildfly/common/wildfly-common/2.0.1/wildfly-common-2.0.1.pom (7.5 kB at 182 kB/s)
[INFO] Downloading from central: https://repo.maven.apache.org/maven2/org/jboss/jboss-parent/44/jboss-parent-44.pom
[INFO] Downloaded from central: https://repo.maven.apache.org/maven2/org/jboss/jboss-parent/44/jboss-parent-44.pom (77 kB at 2.3 MB/s)
[INFO] Downloading from central: https://repo.maven.apache.org/maven2/io/smallrye/common/smallrye-common-bom/2.4.0/smallrye-common-bom-2.4.0.pom
[INFO] Downloaded from central: https://repo.maven.apache.org/maven2/io/smallrye/common/smallrye-common-bom/2.4.0/smallrye-common-bom-2.4.0.pom (4.7 kB at 163 kB/s)
[INFO] Downloading from central: https://repo.maven.apache.org/maven2/io/quarkus/gizmo/gizmo/1.10.1/gizmo-1.10.1.pom
[INFO] Downloaded from central: https://repo.maven.apache.org/maven2/io/quarkus/gizmo/gizmo/1.10.1/gizmo-1.10.1.pom (13 kB at 357 kB/s)
[INFO] Downloading from central: https://repo.maven.apache.org/maven2/org/ow2/asm/asm-util/9.10.1/asm-util-9.10.1.pom
[INFO] Downloaded from central: https://repo.maven.apache.org/maven2/org/ow2/asm/asm-util/9.10.1/asm-util-9.10.1.pom (3.0 kB at 98 kB/s)
[INFO] Downloading from central: https://repo.maven.apache.org/maven2/org/ow2/asm/asm-tree/9.10.1/asm-tree-9.10.1.pom
[INFO] Downloaded from central: https://repo.maven.apache.org/maven2/org/ow2/asm/asm-tree/9.10.1/asm-tree-9.10.1.pom (2.6 kB at 93 kB/s)
[INFO] Downloading from central: https://repo.maven.apache.org/maven2/org/ow2/asm/asm-analysis/9.10.1/asm-analysis-9.10.1.pom
[INFO] Downloaded from central: https://repo.maven.apache.org/maven2/org/ow2/asm/asm-analysis/9.10.1/asm-analysis-9.10.1.pom (2.6 kB at 77 kB/s)
[INFO] Downloading from central: https://repo.maven.apache.org/maven2/io/smallrye/jandex/3.6.0/jandex-3.6.0.pom
[INFO] Downloaded from central: https://repo.maven.apache.org/maven2/io/smallrye/jandex/3.6.0/jandex-3.6.0.pom (7.8 kB at 260 kB/s)
[INFO] Downloading from central: https://repo.maven.apache.org/maven2/io/smallrye/jandex-parent/3.6.0/jandex-parent-3.6.0.pom
[INFO] Downloaded from central: https://repo.maven.apache.org/maven2/io/smallrye/jandex-parent/3.6.0/jandex-parent-3.6.0.pom (8.7 kB at 323 kB/s)
[INFO] Downloading from central: https://repo.maven.apache.org/maven2/io/smallrye/smallrye-build-parent/46/smallrye-build-parent-46.pom
[INFO] Downloaded from central: https://repo.maven.apache.org/maven2/io/smallrye/smallrye-build-parent/46/smallrye-build-parent-46.pom (63 kB at 1.7 MB/s)
[INFO] Downloading from central: https://repo.maven.apache.org/maven2/io/quarkus/gizmo/gizmo2/2.1.1/gizmo2-2.1.1.pom
[INFO] Downloaded from central: https://repo.maven.apache.org/maven2/io/quarkus/gizmo/gizmo2/2.1.1/gizmo2-2.1.1.pom (12 kB at 393 kB/s)
[INFO] Downloading from central: https://repo.maven.apache.org/maven2/io/smallrye/common/smallrye-common-bom/2.16.0/smallrye-common-bom-2.16.0.pom
[INFO] Downloaded from central: https://repo.maven.apache.org/maven2/io/smallrye/common/smallrye-common-bom/2.16.0/smallrye-common-bom-2.16.0.pom (5.4 kB at 168 kB/s)
[INFO] Downloading from central: https://repo.maven.apache.org/maven2/io/smallrye/common/smallrye-common-resource/2.19.0/smallrye-common-resource-2.19.0.pom
[INFO] Downloaded from central: https://repo.maven.apache.org/maven2/io/smallrye/common/smallrye-common-resource/2.19.0/smallrye-common-resource-2.19.0.pom (1.1 kB at 25 kB/s)
[INFO] Downloading from central: https://repo.maven.apache.org/maven2/io/smallrye/jandex-gizmo2/3.6.0/jandex-gizmo2-3.6.0.pom
[INFO] Downloaded from central: https://repo.maven.apache.org/maven2/io/smallrye/jandex-gizmo2/3.6.0/jandex-gizmo2-3.6.0.pom (2.0 kB at 64 kB/s)
[INFO] Downloading from central: https://repo.maven.apache.org/maven2/io/smallrye/common/smallrye-common-process/2.19.0/smallrye-common-process-2.19.0.pom
[INFO] Downloaded from central: https://repo.maven.apache.org/maven2/io/smallrye/common/smallrye-common-process/2.19.0/smallrye-common-process-2.19.0.pom (3.7 kB at 136 kB/s)
[INFO] Downloading from central: https://repo.maven.apache.org/maven2/org/ow2/asm/asm-commons/9.10.1/asm-commons-9.10.1.pom
[INFO] Downloaded from central: https://repo.maven.apache.org/maven2/org/ow2/asm/asm-commons/9.10.1/asm-commons-9.10.1.pom (2.8 kB at 90 kB/s)
[INFO] Downloading from central: https://repo.maven.apache.org/maven2/io/quarkus/quarkus-development-mode-spi/3.38.0/quarkus-development-mode-spi-3.38.0.pom
[INFO] Downloaded from central: https://repo.maven.apache.org/maven2/io/quarkus/quarkus-development-mode-spi/3.38.0/quarkus-development-mode-spi-3.38.0.pom (1.0 kB at 39 kB/s)
[INFO] Downloading from central: https://repo.maven.apache.org/maven2/io/quarkus/quarkus-hibernate-validator-spi/3.38.0/quarkus-hibernate-validator-spi-3.38.0.pom
[INFO] Downloaded from central: https://repo.maven.apache.org/maven2/io/quarkus/quarkus-hibernate-validator-spi/3.38.0/quarkus-hibernate-validator-spi-3.38.0.pom (1.0 kB at 33 kB/s)
[INFO] Downloading from central: https://repo.maven.apache.org/maven2/io/quarkus/quarkus-hibernate-validator-parent/3.38.0/quarkus-hibernate-validator-parent-3.38.0.pom
[INFO] Downloaded from central: https://repo.maven.apache.org/maven2/io/quarkus/quarkus-hibernate-validator-parent/3.38.0/quarkus-hibernate-validator-parent-3.38.0.pom (789 B at 26 kB/s)
[INFO] Downloading from central: https://repo.maven.apache.org/maven2/io/quarkus/quarkus-extensions-parent/3.38.0/quarkus-extensions-parent-3.38.0.pom
[INFO] Downloaded from central: https://repo.maven.apache.org/maven2/io/quarkus/quarkus-extensions-parent/3.38.0/quarkus-extensions-parent-3.38.0.pom (9.5 kB at 272 kB/s)
[INFO] Downloading from central: https://repo.maven.apache.org/maven2/io/quarkus/quarkus-builder/3.38.0/quarkus-builder-3.38.0.pom
[INFO] Downloaded from central: https://repo.maven.apache.org/maven2/io/quarkus/quarkus-builder/3.38.0/quarkus-builder-3.38.0.pom (2.7 kB at 84 kB/s)
[INFO] Downloading from central: https://repo.maven.apache.org/maven2/org/jboss/threads/jboss-threads/3.9.2/jboss-threads-3.9.2.pom
[INFO] Downloaded from central: https://repo.maven.apache.org/maven2/org/jboss/threads/jboss-threads/3.9.2/jboss-threads-3.9.2.pom (9.5 kB at 307 kB/s)
[INFO] Downloading from central: https://repo.maven.apache.org/maven2/io/smallrye/common/smallrye-common-bom/2.14.0/smallrye-common-bom-2.14.0.pom
[INFO] Downloaded from central: https://repo.maven.apache.org/maven2/io/smallrye/common/smallrye-common-bom/2.14.0/smallrye-common-bom-2.14.0.pom (5.4 kB at 199 kB/s)
[INFO] Downloading from central: https://repo.maven.apache.org/maven2/io/quarkus/quarkus-class-change-agent/3.38.0/quarkus-class-change-agent-3.38.0.pom
[INFO] Downloaded from central: https://repo.maven.apache.org/maven2/io/quarkus/quarkus-class-change-agent/3.38.0/quarkus-class-change-agent-3.38.0.pom (1.6 kB at 51 kB/s)
[INFO] Downloading from central: https://repo.maven.apache.org/maven2/io/quarkus/quarkus-core/3.38.0/quarkus-core-3.38.0.pom
[INFO] Downloaded from central: https://repo.maven.apache.org/maven2/io/quarkus/quarkus-core/3.38.0/quarkus-core-3.38.0.pom (21 kB at 688 kB/s)
[INFO] Downloading from central: https://repo.maven.apache.org/maven2/jakarta/enterprise/jakarta.enterprise.cdi-api/4.1.0/jakarta.enterprise.cdi-api-4.1.0.pom
[INFO] Downloaded from central: https://repo.maven.apache.org/maven2/jakarta/enterprise/jakarta.enterprise.cdi-api/4.1.0/jakarta.enterprise.cdi-api-4.1.0.pom (12 kB at 364 kB/s)
[INFO] Downloading from central: https://repo.maven.apache.org/maven2/jakarta/enterprise/jakarta.enterprise.cdi-parent/4.1.0/jakarta.enterprise.cdi-parent-4.1.0.pom
[INFO] Downloaded from central: https://repo.maven.apache.org/maven2/jakarta/enterprise/jakarta.enterprise.cdi-parent/4.1.0/jakarta.enterprise.cdi-parent-4.1.0.pom (8.2 kB at 263 kB/s)
[INFO] Downloading from central: https://repo.maven.apache.org/maven2/jakarta/enterprise/jakarta.enterprise.lang-model/4.1.0/jakarta.enterprise.lang-model-4.1.0.pom
[INFO] Downloaded from central: https://repo.maven.apache.org/maven2/jakarta/enterprise/jakarta.enterprise.lang-model/4.1.0/jakarta.enterprise.lang-model-4.1.0.pom (3.8 kB at 130 kB/s)
[INFO] Downloading from central: https://repo.maven.apache.org/maven2/jakarta/el/jakarta.el-api/6.0.1/jakarta.el-api-6.0.1.pom
[INFO] Downloaded from central: https://repo.maven.apache.org/maven2/jakarta/el/jakarta.el-api/6.0.1/jakarta.el-api-6.0.1.pom (12 kB at 352 kB/s)
[INFO] Downloading from central: https://repo.maven.apache.org/maven2/jakarta/interceptor/jakarta.interceptor-api/2.2.0/jakarta.interceptor-api-2.2.0.pom
[INFO] Downloaded from central: https://repo.maven.apache.org/maven2/jakarta/interceptor/jakarta.interceptor-api/2.2.0/jakarta.interceptor-api-2.2.0.pom (2.6 kB at 91 kB/s)
[INFO] Downloading from central: https://repo.maven.apache.org/maven2/io/smallrye/config/smallrye-config/3.17.2/smallrye-config-3.17.2.pom
[INFO] Downloaded from central: https://repo.maven.apache.org/maven2/io/smallrye/config/smallrye-config/3.17.2/smallrye-config-3.17.2.pom (4.4 kB at 143 kB/s)
[INFO] Downloading from central: https://repo.maven.apache.org/maven2/io/smallrye/config/smallrye-config-parent/3.17.2/smallrye-config-parent-3.17.2.pom
[INFO] Downloaded from central: https://repo.maven.apache.org/maven2/io/smallrye/config/smallrye-config-parent/3.17.2/smallrye-config-parent-3.17.2.pom (7.8 kB at 259 kB/s)
[INFO] Downloading from central: https://repo.maven.apache.org/maven2/io/smallrye/common/smallrye-common-bom/2.17.1/smallrye-common-bom-2.17.1.pom
[INFO] Downloaded from central: https://repo.maven.apache.org/maven2/io/smallrye/common/smallrye-common-bom/2.17.1/smallrye-common-bom-2.17.1.pom (5.6 kB at 224 kB/s)
[INFO] Downloading from central: https://repo.maven.apache.org/maven2/io/smallrye/testing/smallrye-testing-bom/2.5.0/smallrye-testing-bom-2.5.0.pom
[INFO] Downloaded from central: https://repo.maven.apache.org/maven2/io/smallrye/testing/smallrye-testing-bom/2.5.0/smallrye-testing-bom-2.5.0.pom (4.5 kB at 154 kB/s)
[INFO] Downloading from central: https://repo.maven.apache.org/maven2/io/smallrye/testing/smallrye-testing-parent/2.5.0/smallrye-testing-parent-2.5.0.pom
[INFO] Downloaded from central: https://repo.maven.apache.org/maven2/io/smallrye/testing/smallrye-testing-parent/2.5.0/smallrye-testing-parent-2.5.0.pom (4.3 kB at 165 kB/s)
[INFO] Downloading from central: https://repo.maven.apache.org/maven2/io/smallrye/config/smallrye-config-core/3.17.2/smallrye-config-core-3.17.2.pom
[INFO] Downloaded from central: https://repo.maven.apache.org/maven2/io/smallrye/config/smallrye-config-core/3.17.2/smallrye-config-core-3.17.2.pom (5.1 kB at 169 kB/s)
[INFO] Downloading from central: https://repo.maven.apache.org/maven2/org/eclipse/microprofile/config/microprofile-config-api/3.1.1/microprofile-config-api-3.1.1.pom
[INFO] Downloaded from central: https://repo.maven.apache.org/maven2/org/eclipse/microprofile/config/microprofile-config-api/3.1.1/microprofile-config-api-3.1.1.pom (2.2 kB at 68 kB/s)
[INFO] Downloading from central: https://repo.maven.apache.org/maven2/org/eclipse/microprofile/config/microprofile-config-parent/3.1.1/microprofile-config-parent-3.1.1.pom
[INFO] Downloaded from central: https://repo.maven.apache.org/maven2/org/eclipse/microprofile/config/microprofile-config-parent/3.1.1/microprofile-config-parent-3.1.1.pom (4.2 kB at 146 kB/s)
[INFO] Downloading from central: https://repo.maven.apache.org/maven2/org/eclipse/microprofile/microprofile-parent/2.12/microprofile-parent-2.12.pom
[INFO] Downloaded from central: https://repo.maven.apache.org/maven2/org/eclipse/microprofile/microprofile-parent/2.12/microprofile-parent-2.12.pom (52 kB at 1.7 MB/s)
[INFO] Downloading from central: https://repo.maven.apache.org/maven2/io/smallrye/common/smallrye-common-classloader/2.19.0/smallrye-common-classloader-2.19.0.pom
[INFO] Downloaded from central: https://repo.maven.apache.org/maven2/io/smallrye/common/smallrye-common-classloader/2.19.0/smallrye-common-classloader-2.19.0.pom (2.0 kB at 76 kB/s)
[INFO] Downloading from central: https://repo.maven.apache.org/maven2/io/smallrye/config/smallrye-config-common/3.17.2/smallrye-config-common-3.17.2.pom
[INFO] Downloaded from central: https://repo.maven.apache.org/maven2/io/smallrye/config/smallrye-config-common/3.17.2/smallrye-config-common-3.17.2.pom (1.1 kB at 32 kB/s)
[INFO] Downloading from central: https://repo.maven.apache.org/maven2/io/quarkus/quarkus-bootstrap-runner/3.38.0/quarkus-bootstrap-runner-3.38.0.pom
[INFO] Downloaded from central: https://repo.maven.apache.org/maven2/io/quarkus/quarkus-bootstrap-runner/3.38.0/quarkus-bootstrap-runner-3.38.0.pom (3.8 kB at 117 kB/s)
[INFO] Downloading from central: https://repo.maven.apache.org/maven2/org/crac/crac/1.5.0/crac-1.5.0.pom
[INFO] Downloaded from central: https://repo.maven.apache.org/maven2/org/crac/crac/1.5.0/crac-1.5.0.pom (4.6 kB at 160 kB/s)
[INFO] Downloading from central: https://repo.maven.apache.org/maven2/org/graalvm/sdk/nativeimage/23.1.2/nativeimage-23.1.2.pom
[INFO] Downloaded from central: https://repo.maven.apache.org/maven2/org/graalvm/sdk/nativeimage/23.1.2/nativeimage-23.1.2.pom (1.4 kB at 52 kB/s)
[INFO] Downloading from central: https://repo.maven.apache.org/maven2/org/graalvm/sdk/word/23.1.2/word-23.1.2.pom
[INFO] Downloaded from central: https://repo.maven.apache.org/maven2/org/graalvm/sdk/word/23.1.2/word-23.1.2.pom (1.2 kB at 46 kB/s)
[INFO] Downloading from central: https://repo.maven.apache.org/maven2/net/bytebuddy/byte-buddy-agent/1.18.8/byte-buddy-agent-1.18.8.pom
[INFO] Downloaded from central: https://repo.maven.apache.org/maven2/net/bytebuddy/byte-buddy-agent/1.18.8/byte-buddy-agent-1.18.8.pom (14 kB at 148 kB/s)
[INFO] Downloading from central: https://repo.maven.apache.org/maven2/net/bytebuddy/byte-buddy-parent/1.18.8/byte-buddy-parent-1.18.8.pom
[INFO] Downloaded from central: https://repo.maven.apache.org/maven2/net/bytebuddy/byte-buddy-parent/1.18.8/byte-buddy-parent-1.18.8.pom (68 kB at 2.3 MB/s)
[INFO] Downloading from central: https://repo.maven.apache.org/maven2/org/junit/platform/junit-platform-launcher/6.1.1/junit-platform-launcher-6.1.1.pom
[INFO] Downloaded from central: https://repo.maven.apache.org/maven2/org/junit/platform/junit-platform-launcher/6.1.1/junit-platform-launcher-6.1.1.pom (3.4 kB at 120 kB/s)
[INFO] Downloading from central: https://repo.maven.apache.org/maven2/org/junit/platform/junit-platform-engine/6.1.1/junit-platform-engine-6.1.1.pom
[INFO] Downloaded from central: https://repo.maven.apache.org/maven2/org/junit/platform/junit-platform-engine/6.1.1/junit-platform-engine-6.1.1.pom (3.5 kB at 136 kB/s)
[INFO] Downloading from central: https://repo.maven.apache.org/maven2/org/junit/platform/junit-platform-commons/6.1.1/junit-platform-commons-6.1.1.pom
[INFO] Downloaded from central: https://repo.maven.apache.org/maven2/org/junit/platform/junit-platform-commons/6.1.1/junit-platform-commons-6.1.1.pom (3.2 kB at 109 kB/s)
[INFO] Downloading from central: https://repo.maven.apache.org/maven2/org/junit/jupiter/junit-jupiter/6.1.1/junit-jupiter-6.1.1.pom
[INFO] Downloaded from central: https://repo.maven.apache.org/maven2/org/junit/jupiter/junit-jupiter/6.1.1/junit-jupiter-6.1.1.pom (3.4 kB at 112 kB/s)
[INFO] Downloading from central: https://repo.maven.apache.org/maven2/org/junit/jupiter/junit-jupiter-api/6.1.1/junit-jupiter-api-6.1.1.pom
[INFO] Downloaded from central: https://repo.maven.apache.org/maven2/org/junit/jupiter/junit-jupiter-api/6.1.1/junit-jupiter-api-6.1.1.pom (3.5 kB at 121 kB/s)
[INFO] Downloading from central: https://repo.maven.apache.org/maven2/org/junit/jupiter/junit-jupiter-params/6.1.1/junit-jupiter-params-6.1.1.pom
[INFO] Downloaded from central: https://repo.maven.apache.org/maven2/org/junit/jupiter/junit-jupiter-params/6.1.1/junit-jupiter-params-6.1.1.pom (3.3 kB at 119 kB/s)
[INFO] Downloading from central: https://repo.maven.apache.org/maven2/org/junit/jupiter/junit-jupiter-engine/6.1.1/junit-jupiter-engine-6.1.1.pom
[INFO] Downloaded from central: https://repo.maven.apache.org/maven2/org/junit/jupiter/junit-jupiter-engine/6.1.1/junit-jupiter-engine-6.1.1.pom (3.5 kB at 131 kB/s)
[INFO] Downloading from central: https://repo.maven.apache.org/maven2/io/quarkus/quarkus-project-core-extension-codestarts/3.38.0/quarkus-project-core-extension-codestarts-3.38.0.pom
[INFO] Downloaded from central: https://repo.maven.apache.org/maven2/io/quarkus/quarkus-project-core-extension-codestarts/3.38.0/quarkus-project-core-extension-codestarts-3.38.0.pom (11 kB at 419 kB/s)
[INFO] Downloading from central: https://repo.maven.apache.org/maven2/io/quarkus/quarkus-devtools-all/3.38.0/quarkus-devtools-all-3.38.0.pom
[INFO] Downloaded from central: https://repo.maven.apache.org/maven2/io/quarkus/quarkus-devtools-all/3.38.0/quarkus-devtools-all-3.38.0.pom (1.2 kB at 53 kB/s)
[INFO] Downloading from central: https://repo.maven.apache.org/maven2/io/quarkus/quarkus-devtools-common/3.38.0/quarkus-devtools-common-3.38.0.pom
[INFO] Downloaded from central: https://repo.maven.apache.org/maven2/io/quarkus/quarkus-devtools-common/3.38.0/quarkus-devtools-common-3.38.0.pom (5.0 kB at 160 kB/s)
[INFO] Downloading from central: https://repo.maven.apache.org/maven2/io/quarkus/quarkus-tools-parent/3.38.0/quarkus-tools-parent-3.38.0.pom
[INFO] Downloaded from central: https://repo.maven.apache.org/maven2/io/quarkus/quarkus-tools-parent/3.38.0/quarkus-tools-parent-3.38.0.pom (16 kB at 546 kB/s)
[INFO] Downloading from central: https://repo.maven.apache.org/maven2/com/fasterxml/jackson/jackson-bom/2.22.0/jackson-bom-2.22.0.pom
[INFO] Downloaded from central: https://repo.maven.apache.org/maven2/com/fasterxml/jackson/jackson-bom/2.22.0/jackson-bom-2.22.0.pom (20 kB at 722 kB/s)
[INFO] Downloading from central: https://repo.maven.apache.org/maven2/io/quarkus/quarkus-devtools-registry-client/3.38.0/quarkus-devtools-registry-client-3.38.0.pom
[INFO] Downloaded from central: https://repo.maven.apache.org/maven2/io/quarkus/quarkus-devtools-registry-client/3.38.0/quarkus-devtools-registry-client-3.38.0.pom (2.2 kB at 86 kB/s)
[INFO] Downloading from central: https://repo.maven.apache.org/maven2/io/quarkus/quarkus-devtools-message-writer/3.38.0/quarkus-devtools-message-writer-3.38.0.pom
[INFO] Downloaded from central: https://repo.maven.apache.org/maven2/io/quarkus/quarkus-devtools-message-writer/3.38.0/quarkus-devtools-message-writer-3.38.0.pom (771 B at 29 kB/s)
[INFO] Downloading from central: https://repo.maven.apache.org/maven2/com/fasterxml/jackson/core/jackson-databind/2.22.0/jackson-databind-2.22.0.pom
[INFO] Downloaded from central: https://repo.maven.apache.org/maven2/com/fasterxml/jackson/core/jackson-databind/2.22.0/jackson-databind-2.22.0.pom (23 kB at 794 kB/s)
[INFO] Downloading from central: https://repo.maven.apache.org/maven2/com/fasterxml/jackson/jackson-base/2.22.0/jackson-base-2.22.0.pom
[INFO] Downloaded from central: https://repo.maven.apache.org/maven2/com/fasterxml/jackson/jackson-base/2.22.0/jackson-base-2.22.0.pom (13 kB at 382 kB/s)
[INFO] Downloading from central: https://repo.maven.apache.org/maven2/com/fasterxml/jackson/core/jackson-annotations/2.22/jackson-annotations-2.22.pom
[INFO] Downloaded from central: https://repo.maven.apache.org/maven2/com/fasterxml/jackson/core/jackson-annotations/2.22/jackson-annotations-2.22.pom (7.2 kB at 211 kB/s)
[INFO] Downloading from central: https://repo.maven.apache.org/maven2/com/fasterxml/jackson/core/jackson-core/2.22.0/jackson-core-2.22.0.pom
[INFO] Downloaded from central: https://repo.maven.apache.org/maven2/com/fasterxml/jackson/core/jackson-core/2.22.0/jackson-core-2.22.0.pom (9.7 kB at 294 kB/s)
[INFO] Downloading from central: https://repo.maven.apache.org/maven2/com/fasterxml/jackson/dataformat/jackson-dataformat-yaml/2.22.0/jackson-dataformat-yaml-2.22.0.pom
[INFO] Downloaded from central: https://repo.maven.apache.org/maven2/com/fasterxml/jackson/dataformat/jackson-dataformat-yaml/2.22.0/jackson-dataformat-yaml-2.22.0.pom (3.0 kB at 99 kB/s)
[INFO] Downloading from central: https://repo.maven.apache.org/maven2/com/fasterxml/jackson/dataformat/jackson-dataformats-text/2.22.0/jackson-dataformats-text-2.22.0.pom
[INFO] Downloaded from central: https://repo.maven.apache.org/maven2/com/fasterxml/jackson/dataformat/jackson-dataformats-text/2.22.0/jackson-dataformats-text-2.22.0.pom (3.5 kB at 129 kB/s)
[INFO] Downloading from central: https://repo.maven.apache.org/maven2/org/apache/maven/resolver/maven-resolver-transport-http/1.9.25/maven-resolver-transport-http-1.9.25.pom
[INFO] Downloaded from central: https://repo.maven.apache.org/maven2/org/apache/maven/resolver/maven-resolver-transport-http/1.9.25/maven-resolver-transport-http-1.9.25.pom (5.2 kB at 180 kB/s)
[INFO] Downloading from central: https://repo.maven.apache.org/maven2/com/google/errorprone/error_prone_annotations/2.49.0/error_prone_annotations-2.49.0.pom
[INFO] Downloaded from central: https://repo.maven.apache.org/maven2/com/google/errorprone/error_prone_annotations/2.49.0/error_prone_annotations-2.49.0.pom (4.3 kB at 137 kB/s)
[INFO] Downloading from central: https://repo.maven.apache.org/maven2/com/google/errorprone/error_prone_parent/2.49.0/error_prone_parent-2.49.0.pom
[INFO] Downloaded from central: https://repo.maven.apache.org/maven2/com/google/errorprone/error_prone_parent/2.49.0/error_prone_parent-2.49.0.pom (16 kB at 588 kB/s)
[INFO] Downloading from central: https://repo.maven.apache.org/maven2/org/apache/maven/resolver/maven-resolver-transport-wagon/1.9.27/maven-resolver-transport-wagon-1.9.27.pom
[INFO] Downloaded from central: https://repo.maven.apache.org/maven2/org/apache/maven/resolver/maven-resolver-transport-wagon/1.9.27/maven-resolver-transport-wagon-1.9.27.pom (3.8 kB at 111 kB/s)
[INFO] Downloading from central: https://repo.maven.apache.org/maven2/org/apache/maven/wagon/wagon-provider-api/3.5.3/wagon-provider-api-3.5.3.pom
[INFO] Downloaded from central: https://repo.maven.apache.org/maven2/org/apache/maven/wagon/wagon-provider-api/3.5.3/wagon-provider-api-3.5.3.pom (1.9 kB at 55 kB/s)
[INFO] Downloading from central: https://repo.maven.apache.org/maven2/org/apache/maven/wagon/wagon/3.5.3/wagon-3.5.3.pom
[INFO] Downloaded from central: https://repo.maven.apache.org/maven2/org/apache/maven/wagon/wagon/3.5.3/wagon-3.5.3.pom (21 kB at 731 kB/s)
[INFO] Downloading from central: https://repo.maven.apache.org/maven2/org/apache/maven/wagon/wagon-file/3.5.3/wagon-file-3.5.3.pom
[INFO] Downloaded from central: https://repo.maven.apache.org/maven2/org/apache/maven/wagon/wagon-file/3.5.3/wagon-file-3.5.3.pom (1.8 kB at 68 kB/s)
[INFO] Downloading from central: https://repo.maven.apache.org/maven2/org/apache/maven/wagon/wagon-providers/3.5.3/wagon-providers-3.5.3.pom
[INFO] Downloaded from central: https://repo.maven.apache.org/maven2/org/apache/maven/wagon/wagon-providers/3.5.3/wagon-providers-3.5.3.pom (3.1 kB at 118 kB/s)
[INFO] Downloading from central: https://repo.maven.apache.org/maven2/org/apache/maven/wagon/wagon-http/3.5.3/wagon-http-3.5.3.pom
[INFO] Downloaded from central: https://repo.maven.apache.org/maven2/org/apache/maven/wagon/wagon-http/3.5.3/wagon-http-3.5.3.pom (6.1 kB at 227 kB/s)
[INFO] Downloading from central: https://repo.maven.apache.org/maven2/org/apache/maven/wagon/wagon-http-shared/3.5.3/wagon-http-shared-3.5.3.pom
[INFO] Downloaded from central: https://repo.maven.apache.org/maven2/org/apache/maven/wagon/wagon-http-shared/3.5.3/wagon-http-shared-3.5.3.pom (2.5 kB at 103 kB/s)
[INFO] Downloading from central: https://repo.maven.apache.org/maven2/io/quarkus/quarkus-devtools-base-codestarts/3.38.0/quarkus-devtools-base-codestarts-3.38.0.pom
[INFO] Downloaded from central: https://repo.maven.apache.org/maven2/io/quarkus/quarkus-devtools-base-codestarts/3.38.0/quarkus-devtools-base-codestarts-3.38.0.pom (1.7 kB at 61 kB/s)
[INFO] Downloading from central: https://repo.maven.apache.org/maven2/io/quarkus/quarkus-devtools-codestarts/3.38.0/quarkus-devtools-codestarts-3.38.0.pom
[INFO] Downloaded from central: https://repo.maven.apache.org/maven2/io/quarkus/quarkus-devtools-codestarts/3.38.0/quarkus-devtools-codestarts-3.38.0.pom (2.3 kB at 82 kB/s)
[INFO] Downloading from central: https://repo.maven.apache.org/maven2/io/quarkus/qute/qute-core/3.38.0/qute-core-3.38.0.pom
[INFO] Downloaded from central: https://repo.maven.apache.org/maven2/io/quarkus/qute/qute-core/3.38.0/qute-core-3.38.0.pom (1.5 kB at 57 kB/s)
[INFO] Downloading from central: https://repo.maven.apache.org/maven2/io/quarkus/qute/qute-parent/3.38.0/qute-parent-3.38.0.pom
[INFO] Downloaded from central: https://repo.maven.apache.org/maven2/io/quarkus/qute/qute-parent/3.38.0/qute-parent-3.38.0.pom (13 kB at 535 kB/s)
[INFO] Downloading from central: https://repo.maven.apache.org/maven2/io/smallrye/reactive/mutiny-bom/3.3.0/mutiny-bom-3.3.0.pom
[INFO] Downloaded from central: https://repo.maven.apache.org/maven2/io/smallrye/reactive/mutiny-bom/3.3.0/mutiny-bom-3.3.0.pom (3.8 kB at 120 kB/s)
[INFO] Downloading from central: https://repo.maven.apache.org/maven2/io/smallrye/reactive/mutiny/3.3.0/mutiny-3.3.0.pom
[INFO] Downloaded from central: https://repo.maven.apache.org/maven2/io/smallrye/reactive/mutiny/3.3.0/mutiny-3.3.0.pom (8.6 kB at 331 kB/s)
[INFO] Downloading from central: https://repo.maven.apache.org/maven2/io/smallrye/reactive/mutiny-project/3.3.0/mutiny-project-3.3.0.pom
[INFO] Downloaded from central: https://repo.maven.apache.org/maven2/io/smallrye/reactive/mutiny-project/3.3.0/mutiny-project-3.3.0.pom (27 kB at 1.1 MB/s)
[INFO] Downloading from central: https://repo.maven.apache.org/maven2/io/smallrye/smallrye-build-parent/50/smallrye-build-parent-50.pom
[INFO] Downloaded from central: https://repo.maven.apache.org/maven2/io/smallrye/smallrye-build-parent/50/smallrye-build-parent-50.pom (67 kB at 2.2 MB/s)
[INFO] Downloading from central: https://repo.maven.apache.org/maven2/org/jctools/jctools-core/4.0.5/jctools-core-4.0.5.pom
[INFO] Downloaded from central: https://repo.maven.apache.org/maven2/org/jctools/jctools-core/4.0.5/jctools-core-4.0.5.pom (9.5 kB at 298 kB/s)
[INFO] Downloading from central: https://repo.maven.apache.org/maven2/io/fabric8/maven-model-helper/41/maven-model-helper-41.pom
[INFO] Downloaded from central: https://repo.maven.apache.org/maven2/io/fabric8/maven-model-helper/41/maven-model-helper-41.pom (14 kB at 534 kB/s)
[INFO] Downloading from central: https://repo.maven.apache.org/maven2/io/smallrye/common/smallrye-common-version/2.19.0/smallrye-common-version-2.19.0.pom
[INFO] Downloaded from central: https://repo.maven.apache.org/maven2/io/smallrye/common/smallrye-common-version/2.19.0/smallrye-common-version-2.19.0.pom (3.2 kB at 135 kB/s)
[INFO] Downloading from central: https://repo.maven.apache.org/maven2/com/fasterxml/jackson/datatype/jackson-datatype-jdk8/2.22.0/jackson-datatype-jdk8-2.22.0.pom
[INFO] Downloaded from central: https://repo.maven.apache.org/maven2/com/fasterxml/jackson/datatype/jackson-datatype-jdk8/2.22.0/jackson-datatype-jdk8-2.22.0.pom (2.8 kB at 95 kB/s)
[INFO] Downloading from central: https://repo.maven.apache.org/maven2/com/fasterxml/jackson/module/jackson-modules-java8/2.22.0/jackson-modules-java8-2.22.0.pom
[INFO] Downloaded from central: https://repo.maven.apache.org/maven2/com/fasterxml/jackson/module/jackson-modules-java8/2.22.0/jackson-modules-java8-2.22.0.pom (3.1 kB at 110 kB/s)
[INFO] Downloading from central: https://repo.maven.apache.org/maven2/org/codejive/java-properties/0.0.7/java-properties-0.0.7.pom
[INFO] Downloaded from central: https://repo.maven.apache.org/maven2/org/codejive/java-properties/0.0.7/java-properties-0.0.7.pom (7.6 kB at 261 kB/s)
[INFO] Downloading from central: https://repo.maven.apache.org/maven2/io/quarkus/quarkus-analytics-common/3.38.0/quarkus-analytics-common-3.38.0.pom
[INFO] Downloaded from central: https://repo.maven.apache.org/maven2/io/quarkus/quarkus-analytics-common/3.38.0/quarkus-analytics-common-3.38.0.pom (3.1 kB at 104 kB/s)
[INFO] Downloading from central: https://repo.maven.apache.org/maven2/io/quarkus/quarkus-cyclonedx-generator/3.38.0/quarkus-cyclonedx-generator-3.38.0.pom
[INFO] Downloaded from central: https://repo.maven.apache.org/maven2/io/quarkus/quarkus-cyclonedx-generator/3.38.0/quarkus-cyclonedx-generator-3.38.0.pom (1.7 kB at 65 kB/s)
[INFO] Downloading from central: https://repo.maven.apache.org/maven2/io/quarkus/quarkus-cyclonedx-parent/3.38.0/quarkus-cyclonedx-parent-3.38.0.pom
[INFO] Downloaded from central: https://repo.maven.apache.org/maven2/io/quarkus/quarkus-cyclonedx-parent/3.38.0/quarkus-cyclonedx-parent-3.38.0.pom (849 B at 33 kB/s)
[INFO] Downloading from central: https://repo.maven.apache.org/maven2/org/cyclonedx/cyclonedx-core-java/12.2.0/cyclonedx-core-java-12.2.0.pom
[INFO] Downloaded from central: https://repo.maven.apache.org/maven2/org/cyclonedx/cyclonedx-core-java/12.2.0/cyclonedx-core-java-12.2.0.pom (15 kB at 564 kB/s)
[INFO] Downloading from central: https://repo.maven.apache.org/maven2/org/apache/commons/commons-collections4/4.5.0/commons-collections4-4.5.0.pom
[INFO] Downloaded from central: https://repo.maven.apache.org/maven2/org/apache/commons/commons-collections4/4.5.0/commons-collections4-4.5.0.pom (26 kB at 814 kB/s)
[INFO] Downloading from central: https://repo.maven.apache.org/maven2/com/github/package-url/packageurl-java/1.5.0/packageurl-java-1.5.0.pom
[INFO] Downloaded from central: https://repo.maven.apache.org/maven2/com/github/package-url/packageurl-java/1.5.0/packageurl-java-1.5.0.pom (12 kB at 419 kB/s)
[INFO] Downloading from central: https://repo.maven.apache.org/maven2/com/fasterxml/jackson/dataformat/jackson-dataformat-xml/2.22.0/jackson-dataformat-xml-2.22.0.pom
[INFO] Downloaded from central: https://repo.maven.apache.org/maven2/com/fasterxml/jackson/dataformat/jackson-dataformat-xml/2.22.0/jackson-dataformat-xml-2.22.0.pom (9.4 kB at 374 kB/s)
[INFO] Downloading from central: https://repo.maven.apache.org/maven2/com/fasterxml/woodstox/woodstox-core/7.2.0/woodstox-core-7.2.0.pom
[INFO] Downloaded from central: https://repo.maven.apache.org/maven2/com/fasterxml/woodstox/woodstox-core/7.2.0/woodstox-core-7.2.0.pom (10 kB at 392 kB/s)
[INFO] Downloading from central: https://repo.maven.apache.org/maven2/com/networknt/json-schema-validator/2.0.1/json-schema-validator-2.0.1.pom
[INFO] Downloaded from central: https://repo.maven.apache.org/maven2/com/networknt/json-schema-validator/2.0.1/json-schema-validator-2.0.1.pom (17 kB at 599 kB/s)
[INFO] Downloading from central: https://repo.maven.apache.org/maven2/com/ethlo/time/itu/1.14.0/itu-1.14.0.pom
[INFO] Downloaded from central: https://repo.maven.apache.org/maven2/com/ethlo/time/itu/1.14.0/itu-1.14.0.pom (18 kB at 761 kB/s)
[INFO] Downloading from central: https://repo.maven.apache.org/maven2/org/apache/maven/resolver/maven-resolver-connector-basic/1.9.27/maven-resolver-connector-basic-1.9.27.pom
[INFO] Downloaded from central: https://repo.maven.apache.org/maven2/org/apache/maven/resolver/maven-resolver-connector-basic/1.9.27/maven-resolver-connector-basic-1.9.27.pom (3.1 kB at 130 kB/s)
[INFO] Downloading from central: https://repo.maven.apache.org/maven2/org/freemarker/freemarker/2.3.34/freemarker-2.3.34.pom
[INFO] Downloaded from central: https://repo.maven.apache.org/maven2/org/freemarker/freemarker/2.3.34/freemarker-2.3.34.pom (3.4 kB at 133 kB/s)
[INFO] Downloading from central: https://repo.maven.apache.org/maven2/org/twdata/maven/mojo-executor/2.4.0/mojo-executor-2.4.0.pom
[INFO] Downloaded from central: https://repo.maven.apache.org/maven2/org/twdata/maven/mojo-executor/2.4.0/mojo-executor-2.4.0.pom (3.1 kB at 125 kB/s)
[INFO] Downloading from central: https://repo.maven.apache.org/maven2/org/twdata/maven/mojo-executor-parent/2.4.0/mojo-executor-parent-2.4.0.pom
[INFO] Downloaded from central: https://repo.maven.apache.org/maven2/org/twdata/maven/mojo-executor-parent/2.4.0/mojo-executor-parent-2.4.0.pom (11 kB at 323 kB/s)
[INFO] Downloading from central: https://repo.maven.apache.org/maven2/io/quarkus/platform/quarkus-maven-plugin/3.38.0/quarkus-maven-plugin-3.38.0.jar
[INFO] Downloaded from central: https://repo.maven.apache.org/maven2/io/quarkus/platform/quarkus-maven-plugin/3.38.0/quarkus-maven-plugin-3.38.0.jar (263 kB at 7.7 MB/s)
[INFO] Downloading from central: https://repo.maven.apache.org/maven2/io/quarkus/quarkus-bootstrap-core/3.38.0/quarkus-bootstrap-core-3.38.0.jar
[INFO] Downloading from central: https://repo.maven.apache.org/maven2/io/quarkus/quarkus-classloader-commons/3.38.0/quarkus-classloader-commons-3.38.0.jar
[INFO] Downloading from central: https://repo.maven.apache.org/maven2/io/quarkus/quarkus-value-registry/3.38.0/quarkus-value-registry-3.38.0.jar
[INFO] Downloading from central: https://repo.maven.apache.org/maven2/io/quarkus/quarkus-bootstrap-app-model/3.38.0/quarkus-bootstrap-app-model-3.38.0.jar
[INFO] Downloading from central: https://repo.maven.apache.org/maven2/io/smallrye/classfile/jdk-classfile-backport/26/jdk-classfile-backport-26.jar
[INFO] Downloaded from central: https://repo.maven.apache.org/maven2/io/quarkus/quarkus-bootstrap-core/3.38.0/quarkus-bootstrap-core-3.38.0.jar (127 kB at 4.7 MB/s)
[INFO] Downloading from central: https://repo.maven.apache.org/maven2/org/jboss/logging/commons-logging-jboss-logging/2.0.0.Final/commons-logging-jboss-logging-2.0.0.Final.jar
[INFO] Downloaded from central: https://repo.maven.apache.org/maven2/io/quarkus/quarkus-classloader-commons/3.38.0/quarkus-classloader-commons-3.38.0.jar (7.9 kB at 238 kB/s)
[INFO] Downloading from central: https://repo.maven.apache.org/maven2/io/quarkus/quarkus-bootstrap-json/3.38.0/quarkus-bootstrap-json-3.38.0.jar
[INFO] Downloaded from central: https://repo.maven.apache.org/maven2/io/quarkus/quarkus-value-registry/3.38.0/quarkus-value-registry-3.38.0.jar (11 kB at 319 kB/s)
[INFO] Downloading from central: https://repo.maven.apache.org/maven2/io/smallrye/common/smallrye-common-io/2.19.0/smallrye-common-io-2.19.0.jar
[INFO] Downloaded from central: https://repo.maven.apache.org/maven2/io/quarkus/quarkus-bootstrap-app-model/3.38.0/quarkus-bootstrap-app-model-3.38.0.jar (268 kB at 6.7 MB/s)
[INFO] Downloading from central: https://repo.maven.apache.org/maven2/io/smallrye/common/smallrye-common-annotation/2.19.0/smallrye-common-annotation-2.19.0.jar
[INFO] Downloaded from central: https://repo.maven.apache.org/maven2/org/jboss/logging/commons-logging-jboss-logging/2.0.0.Final/commons-logging-jboss-logging-2.0.0.Final.jar (19 kB at 402 kB/s)
[INFO] Downloading from central: https://repo.maven.apache.org/maven2/io/smallrye/common/smallrye-common-constraint/2.19.0/smallrye-common-constraint-2.19.0.jar
[INFO] Downloaded from central: https://repo.maven.apache.org/maven2/io/smallrye/classfile/jdk-classfile-backport/26/jdk-classfile-backport-26.jar (967 kB at 17 MB/s)
[INFO] Downloading from central: https://repo.maven.apache.org/maven2/io/smallrye/common/smallrye-common-search/2.19.0/smallrye-common-search-2.19.0.jar
[INFO] Downloaded from central: https://repo.maven.apache.org/maven2/io/quarkus/quarkus-bootstrap-json/3.38.0/quarkus-bootstrap-json-3.38.0.jar (33 kB at 492 kB/s)
[INFO] Downloading from central: https://repo.maven.apache.org/maven2/io/quarkus/quarkus-bootstrap-maven-resolver/3.38.0/quarkus-bootstrap-maven-resolver-3.38.0.jar
[INFO] Downloaded from central: https://repo.maven.apache.org/maven2/io/smallrye/common/smallrye-common-constraint/2.19.0/smallrye-common-constraint-2.19.0.jar (14 kB at 194 kB/s)
[INFO] Downloading from central: https://repo.maven.apache.org/maven2/io/smallrye/beanbag/smallrye-beanbag-maven/1.6.1/smallrye-beanbag-maven-1.6.1.jar
[INFO] Downloaded from central: https://repo.maven.apache.org/maven2/io/smallrye/common/smallrye-common-io/2.19.0/smallrye-common-io-2.19.0.jar (107 kB at 1.5 MB/s)
[INFO] Downloading from central: https://repo.maven.apache.org/maven2/io/smallrye/beanbag/smallrye-beanbag-sisu/1.6.1/smallrye-beanbag-sisu-1.6.1.jar
[INFO] Downloaded from central: https://repo.maven.apache.org/maven2/io/smallrye/common/smallrye-common-annotation/2.19.0/smallrye-common-annotation-2.19.0.jar (12 kB at 158 kB/s)
[INFO] Downloading from central: https://repo.maven.apache.org/maven2/io/smallrye/beanbag/smallrye-beanbag/1.6.1/smallrye-beanbag-1.6.1.jar
[INFO] Downloaded from central: https://repo.maven.apache.org/maven2/io/smallrye/common/smallrye-common-search/2.19.0/smallrye-common-search-2.19.0.jar (29 kB at 358 kB/s)
[INFO] Downloading from central: https://repo.maven.apache.org/maven2/org/apache/maven/maven-artifact/3.9.16/maven-artifact-3.9.16.jar
[INFO] Downloaded from central: https://repo.maven.apache.org/maven2/io/smallrye/beanbag/smallrye-beanbag-maven/1.6.1/smallrye-beanbag-maven-1.6.1.jar (16 kB at 175 kB/s)
[INFO] Downloading from central: https://repo.maven.apache.org/maven2/org/apache/maven/maven-builder-support/3.9.16/maven-builder-support-3.9.16.jar
[INFO] Downloaded from central: https://repo.maven.apache.org/maven2/io/quarkus/quarkus-bootstrap-maven-resolver/3.38.0/quarkus-bootstrap-maven-resolver-3.38.0.jar (219 kB at 2.1 MB/s)
[INFO] Downloading from central: https://repo.maven.apache.org/maven2/org/apache/maven/maven-model/3.9.16/maven-model-3.9.16.jar
[INFO] Downloaded from central: https://repo.maven.apache.org/maven2/io/smallrye/beanbag/smallrye-beanbag-sisu/1.6.1/smallrye-beanbag-sisu-1.6.1.jar (29 kB at 278 kB/s)
[INFO] Downloading from central: https://repo.maven.apache.org/maven2/org/apache/maven/maven-model-builder/3.9.16/maven-model-builder-3.9.16.jar
[INFO] Downloaded from central: https://repo.maven.apache.org/maven2/io/smallrye/beanbag/smallrye-beanbag/1.6.1/smallrye-beanbag-1.6.1.jar (38 kB at 354 kB/s)
[INFO] Downloading from central: https://repo.maven.apache.org/maven2/org/apache/maven/maven-repository-metadata/3.9.16/maven-repository-metadata-3.9.16.jar
[INFO] Downloaded from central: https://repo.maven.apache.org/maven2/org/apache/maven/maven-artifact/3.9.16/maven-artifact-3.9.16.jar (59 kB at 540 kB/s)
[INFO] Downloading from central: https://repo.maven.apache.org/maven2/org/apache/maven/maven-settings/3.9.16/maven-settings-3.9.16.jar
[INFO] Downloaded from central: https://repo.maven.apache.org/maven2/org/apache/maven/maven-builder-support/3.9.16/maven-builder-support-3.9.16.jar (14 kB at 124 kB/s)
[INFO] Downloading from central: https://repo.maven.apache.org/maven2/org/codehaus/plexus/plexus-xml/4.0.2/plexus-xml-4.0.2.jar
[INFO] Downloaded from central: https://repo.maven.apache.org/maven2/org/apache/maven/maven-settings/3.9.16/maven-settings-3.9.16.jar (45 kB at 336 kB/s)
[INFO] Downloading from central: https://repo.maven.apache.org/maven2/org/apache/maven/maven-xml-impl/4.0.0-alpha-7/maven-xml-impl-4.0.0-alpha-7.jar
[INFO] Downloaded from central: https://repo.maven.apache.org/maven2/org/apache/maven/maven-model-builder/3.9.16/maven-model-builder-3.9.16.jar (209 kB at 1.5 MB/s)
[INFO] Downloading from central: https://repo.maven.apache.org/maven2/org/apache/maven/maven-api-xml/4.0.0-alpha-7/maven-api-xml-4.0.0-alpha-7.jar
[INFO] Downloaded from central: https://repo.maven.apache.org/maven2/org/apache/maven/maven-repository-metadata/3.9.16/maven-repository-metadata-3.9.16.jar (29 kB at 205 kB/s)
[INFO] Downloading from central: https://repo.maven.apache.org/maven2/org/apache/maven/maven-api-meta/4.0.0-alpha-7/maven-api-meta-4.0.0-alpha-7.jar
[INFO] Downloaded from central: https://repo.maven.apache.org/maven2/org/codehaus/plexus/plexus-xml/4.0.2/plexus-xml-4.0.2.jar (89 kB at 623 kB/s)
[INFO] Downloaded from central: https://repo.maven.apache.org/maven2/org/apache/maven/maven-model/3.9.16/maven-model-3.9.16.jar (218 kB at 1.5 MB/s)
[INFO] Downloading from central: https://repo.maven.apache.org/maven2/io/quarkus/quarkus-fs-util/1.4.2/quarkus-fs-util-1.4.2.jar
[INFO] Downloading from central: https://repo.maven.apache.org/maven2/org/jboss/logmanager/jboss-logmanager/3.2.2.Final/jboss-logmanager-3.2.2.Final.jar
[INFO] Downloaded from central: https://repo.maven.apache.org/maven2/org/apache/maven/maven-xml-impl/4.0.0-alpha-7/maven-xml-impl-4.0.0-alpha-7.jar (19 kB at 117 kB/s)
[INFO] Downloaded from central: https://repo.maven.apache.org/maven2/org/apache/maven/maven-api-meta/4.0.0-alpha-7/maven-api-meta-4.0.0-alpha-7.jar (12 kB at 69 kB/s)
[INFO] Downloading from central: https://repo.maven.apache.org/maven2/io/smallrye/common/smallrye-common-cpu/2.19.0/smallrye-common-cpu-2.19.0.jar
[INFO] Downloading from central: https://repo.maven.apache.org/maven2/io/smallrye/common/smallrye-common-expression/2.19.0/smallrye-common-expression-2.19.0.jar
[INFO] Downloaded from central: https://repo.maven.apache.org/maven2/io/quarkus/quarkus-fs-util/1.4.2/quarkus-fs-util-1.4.2.jar (73 kB at 438 kB/s)
[INFO] Downloading from central: https://repo.maven.apache.org/maven2/io/smallrye/common/smallrye-common-net/2.19.0/smallrye-common-net-2.19.0.jar
[INFO] Downloaded from central: https://repo.maven.apache.org/maven2/org/apache/maven/maven-api-xml/4.0.0-alpha-7/maven-api-xml-4.0.0-alpha-7.jar (8.4 kB at 50 kB/s)
[INFO] Downloading from central: https://repo.maven.apache.org/maven2/io/smallrye/common/smallrye-common-ref/2.19.0/smallrye-common-ref-2.19.0.jar
[INFO] Downloaded from central: https://repo.maven.apache.org/maven2/io/smallrye/common/smallrye-common-cpu/2.19.0/smallrye-common-cpu-2.19.0.jar (17 kB at 87 kB/s)
[INFO] Downloading from central: https://repo.maven.apache.org/maven2/org/jboss/logging/jboss-logging/3.6.3.Final/jboss-logging-3.6.3.Final.jar
[INFO] Downloaded from central: https://repo.maven.apache.org/maven2/io/smallrye/common/smallrye-common-net/2.19.0/smallrye-common-net-2.19.0.jar (35 kB at 180 kB/s)
[INFO] Downloading from central: https://repo.maven.apache.org/maven2/io/quarkus/quarkus-bootstrap-maven4-resolver/3.38.0/quarkus-bootstrap-maven4-resolver-3.38.0.jar
[INFO] Downloaded from central: https://repo.maven.apache.org/maven2/org/jboss/logmanager/jboss-logmanager/3.2.2.Final/jboss-logmanager-3.2.2.Final.jar (808 kB at 4.2 MB/s)
[INFO] Downloading from central: https://repo.maven.apache.org/maven2/org/apache/maven/maven-embedder/3.9.16/maven-embedder-3.9.16.jar
[INFO] Downloaded from central: https://repo.maven.apache.org/maven2/io/smallrye/common/smallrye-common-expression/2.19.0/smallrye-common-expression-2.19.0.jar (22 kB at 110 kB/s)
[INFO] Downloading from central: https://repo.maven.apache.org/maven2/commons-cli/commons-cli/1.11.0/commons-cli-1.11.0.jar
[INFO] Downloaded from central: https://repo.maven.apache.org/maven2/io/smallrye/common/smallrye-common-ref/2.19.0/smallrye-common-ref-2.19.0.jar (16 kB at 84 kB/s)
[INFO] Downloading from central: https://repo.maven.apache.org/maven2/org/apache/maven/maven-settings-builder/3.9.16/maven-settings-builder-3.9.16.jar
[INFO] Downloaded from central: https://repo.maven.apache.org/maven2/io/quarkus/quarkus-bootstrap-maven4-resolver/3.38.0/quarkus-bootstrap-maven4-resolver-3.38.0.jar (7.7 kB at 35 kB/s)
[INFO] Downloading from central: https://repo.maven.apache.org/maven2/io/quarkus/quarkus-core-deployment/3.38.0/quarkus-core-deployment-3.38.0.jar
[INFO] Downloaded from central: https://repo.maven.apache.org/maven2/org/apache/maven/maven-embedder/3.9.16/maven-embedder-3.9.16.jar (117 kB at 536 kB/s)
[INFO] Downloading from central: https://repo.maven.apache.org/maven2/org/aesh/readline/3.16.2/readline-3.16.2.jar
[INFO] Downloaded from central: https://repo.maven.apache.org/maven2/org/apache/maven/maven-settings-builder/3.9.16/maven-settings-builder-3.9.16.jar (42 kB at 188 kB/s)
[INFO] Downloading from central: https://repo.maven.apache.org/maven2/org/aesh/terminal-api/3.16.2/terminal-api-3.16.2.jar
[INFO] Downloaded from central: https://repo.maven.apache.org/maven2/org/jboss/logging/jboss-logging/3.6.3.Final/jboss-logging-3.6.3.Final.jar (63 kB at 276 kB/s)
[INFO] Downloading from central: https://repo.maven.apache.org/maven2/org/aesh/terminal-detect/3.16.2/terminal-detect-3.16.2.jar
[INFO] Downloaded from central: https://repo.maven.apache.org/maven2/commons-cli/commons-cli/1.11.0/commons-cli-1.11.0.jar (110 kB at 485 kB/s)
[INFO] Downloading from central: https://repo.maven.apache.org/maven2/org/aesh/readline-api/3.16.2/readline-api-3.16.2.jar
[INFO] Downloaded from central: https://repo.maven.apache.org/maven2/org/aesh/readline/3.16.2/readline-3.16.2.jar (233 kB at 926 kB/s)
[INFO] Downloading from central: https://repo.maven.apache.org/maven2/org/aesh/terminal-tty/3.16.2/terminal-tty-3.16.2.jar
[INFO] Downloaded from central: https://repo.maven.apache.org/maven2/org/aesh/terminal-detect/3.16.2/terminal-detect-3.16.2.jar (20 kB at 77 kB/s)
[INFO] Downloading from central: https://repo.maven.apache.org/maven2/org/aesh/aesh/3.16.4/aesh-3.16.4.jar
[INFO] Downloaded from central: https://repo.maven.apache.org/maven2/org/aesh/readline-api/3.16.2/readline-api-3.16.2.jar (13 kB at 51 kB/s)
[INFO] Downloading from central: https://repo.maven.apache.org/maven2/org/wildfly/common/wildfly-common/2.0.1/wildfly-common-2.0.1.jar
[INFO] Downloaded from central: https://repo.maven.apache.org/maven2/org/aesh/terminal-api/3.16.2/terminal-api-3.16.2.jar (229 kB at 853 kB/s)
[INFO] Downloading from central: https://repo.maven.apache.org/maven2/io/quarkus/gizmo/gizmo/1.10.1/gizmo-1.10.1.jar
[INFO] Downloaded from central: https://repo.maven.apache.org/maven2/org/aesh/terminal-tty/3.16.2/terminal-tty-3.16.2.jar (173 kB at 612 kB/s)
[INFO] Downloading from central: https://repo.maven.apache.org/maven2/org/ow2/asm/asm-util/9.10.1/asm-util-9.10.1.jar
[INFO] Downloaded from central: https://repo.maven.apache.org/maven2/io/quarkus/quarkus-core-deployment/3.38.0/quarkus-core-deployment-3.38.0.jar (1.7 MB at 5.8 MB/s)
[INFO] Downloading from central: https://repo.maven.apache.org/maven2/org/ow2/asm/asm-analysis/9.10.1/asm-analysis-9.10.1.jar
[INFO] Downloaded from central: https://repo.maven.apache.org/maven2/org/aesh/aesh/3.16.4/aesh-3.16.4.jar (564 kB at 1.9 MB/s)
[INFO] Downloading from central: https://repo.maven.apache.org/maven2/io/quarkus/gizmo/gizmo2/2.1.1/gizmo2-2.1.1.jar
[INFO] Downloaded from central: https://repo.maven.apache.org/maven2/org/wildfly/common/wildfly-common/2.0.1/wildfly-common-2.0.1.jar (263 kB at 871 kB/s)
[INFO] Downloading from central: https://repo.maven.apache.org/maven2/io/smallrye/common/smallrye-common-resource/2.19.0/smallrye-common-resource-2.19.0.jar
[INFO] Downloaded from central: https://repo.maven.apache.org/maven2/io/quarkus/gizmo/gizmo/1.10.1/gizmo-1.10.1.jar (188 kB at 613 kB/s)
[INFO] Downloading from central: https://repo.maven.apache.org/maven2/io/smallrye/jandex/3.6.0/jandex-3.6.0.jar
[INFO] Downloaded from central: https://repo.maven.apache.org/maven2/org/ow2/asm/asm-util/9.10.1/asm-util-9.10.1.jar (96 kB at 311 kB/s)
[INFO] Downloading from central: https://repo.maven.apache.org/maven2/io/smallrye/jandex-gizmo2/3.6.0/jandex-gizmo2-3.6.0.jar
[INFO] Downloaded from central: https://repo.maven.apache.org/maven2/org/ow2/asm/asm-analysis/9.10.1/asm-analysis-9.10.1.jar (35 kB at 112 kB/s)
[INFO] Downloading from central: https://repo.maven.apache.org/maven2/io/smallrye/common/smallrye-common-os/2.19.0/smallrye-common-os-2.19.0.jar
[INFO] Downloaded from central: https://repo.maven.apache.org/maven2/io/smallrye/common/smallrye-common-resource/2.19.0/smallrye-common-resource-2.19.0.jar (38 kB at 115 kB/s)
[INFO] Downloading from central: https://repo.maven.apache.org/maven2/io/smallrye/common/smallrye-common-process/2.19.0/smallrye-common-process-2.19.0.jar
[INFO] Downloaded from central: https://repo.maven.apache.org/maven2/io/smallrye/jandex-gizmo2/3.6.0/jandex-gizmo2-3.6.0.jar (18 kB at 52 kB/s)
[INFO] Downloading from central: https://repo.maven.apache.org/maven2/io/smallrye/common/smallrye-common-function/2.19.0/smallrye-common-function-2.19.0.jar
[INFO] Downloaded from central: https://repo.maven.apache.org/maven2/io/smallrye/common/smallrye-common-os/2.19.0/smallrye-common-os-2.19.0.jar (9.5 kB at 28 kB/s)
[INFO] Downloading from central: https://repo.maven.apache.org/maven2/org/ow2/asm/asm-commons/9.10.1/asm-commons-9.10.1.jar
[INFO] Downloaded from central: https://repo.maven.apache.org/maven2/io/smallrye/jandex/3.6.0/jandex-3.6.0.jar (408 kB at 1.2 MB/s)
[INFO] Downloading from central: https://repo.maven.apache.org/maven2/org/ow2/asm/asm-tree/9.10.1/asm-tree-9.10.1.jar
[INFO] Downloaded from central: https://repo.maven.apache.org/maven2/io/quarkus/gizmo/gizmo2/2.1.1/gizmo2-2.1.1.jar (564 kB at 1.6 MB/s)
[INFO] Downloading from central: https://repo.maven.apache.org/maven2/io/quarkus/quarkus-development-mode-spi/3.38.0/quarkus-development-mode-spi-3.38.0.jar
[INFO] Downloaded from central: https://repo.maven.apache.org/maven2/org/ow2/asm/asm-tree/9.10.1/asm-tree-9.10.1.jar (52 kB at 142 kB/s)
[INFO] Downloaded from central: https://repo.maven.apache.org/maven2/io/smallrye/common/smallrye-common-process/2.19.0/smallrye-common-process-2.19.0.jar (83 kB at 226 kB/s)
[INFO] Downloading from central: https://repo.maven.apache.org/maven2/io/quarkus/quarkus-hibernate-validator-spi/3.38.0/quarkus-hibernate-validator-spi-3.38.0.jar
[INFO] Downloading from central: https://repo.maven.apache.org/maven2/io/quarkus/quarkus-class-change-agent/3.38.0/quarkus-class-change-agent-3.38.0.jar
[INFO] Downloaded from central: https://repo.maven.apache.org/maven2/io/quarkus/quarkus-development-mode-spi/3.38.0/quarkus-development-mode-spi-3.38.0.jar (55 kB at 150 kB/s)
[INFO] Downloading from central: https://repo.maven.apache.org/maven2/io/quarkus/quarkus-core/3.38.0/quarkus-core-3.38.0.jar
[INFO] Downloaded from central: https://repo.maven.apache.org/maven2/org/ow2/asm/asm-commons/9.10.1/asm-commons-9.10.1.jar (75 kB at 203 kB/s)
[INFO] Downloading from central: https://repo.maven.apache.org/maven2/io/smallrye/config/smallrye-config/3.17.2/smallrye-config-3.17.2.jar
[INFO] Downloaded from central: https://repo.maven.apache.org/maven2/io/smallrye/common/smallrye-common-function/2.19.0/smallrye-common-function-2.19.0.jar (64 kB at 171 kB/s)
[INFO] Downloading from central: https://repo.maven.apache.org/maven2/io/smallrye/config/smallrye-config-core/3.17.2/smallrye-config-core-3.17.2.jar
[INFO] Downloaded from central: https://repo.maven.apache.org/maven2/io/quarkus/quarkus-hibernate-validator-spi/3.38.0/quarkus-hibernate-validator-spi-3.38.0.jar (9.3 kB at 24 kB/s)
[INFO] Downloading from central: https://repo.maven.apache.org/maven2/org/eclipse/microprofile/config/microprofile-config-api/3.1.1/microprofile-config-api-3.1.1.jar
[INFO] Downloaded from central: https://repo.maven.apache.org/maven2/io/smallrye/config/smallrye-config/3.17.2/smallrye-config-3.17.2.jar (36 kB at 91 kB/s)
[INFO] Downloading from central: https://repo.maven.apache.org/maven2/io/smallrye/common/smallrye-common-classloader/2.19.0/smallrye-common-classloader-2.19.0.jar
[INFO] Downloaded from central: https://repo.maven.apache.org/maven2/io/quarkus/quarkus-class-change-agent/3.38.0/quarkus-class-change-agent-3.38.0.jar (7.4 kB at 19 kB/s)
[INFO] Downloading from central: https://repo.maven.apache.org/maven2/io/smallrye/config/smallrye-config-common/3.17.2/smallrye-config-common-3.17.2.jar
[INFO] Downloaded from central: https://repo.maven.apache.org/maven2/io/quarkus/quarkus-core/3.38.0/quarkus-core-3.38.0.jar (558 kB at 1.4 MB/s)
[INFO] Downloading from central: https://repo.maven.apache.org/maven2/org/jboss/threads/jboss-threads/3.9.2/jboss-threads-3.9.2.jar
[INFO] Downloaded from central: https://repo.maven.apache.org/maven2/org/eclipse/microprofile/config/microprofile-config-api/3.1.1/microprofile-config-api-3.1.1.jar (18 kB at 43 kB/s)
[INFO] Downloaded from central: https://repo.maven.apache.org/maven2/io/smallrye/config/smallrye-config-core/3.17.2/smallrye-config-core-3.17.2.jar (384 kB at 924 kB/s)
[INFO] Downloading from central: https://repo.maven.apache.org/maven2/org/crac/crac/1.5.0/crac-1.5.0.jar
[INFO] Downloading from central: https://repo.maven.apache.org/maven2/io/quarkus/quarkus-bootstrap-runner/3.38.0/quarkus-bootstrap-runner-3.38.0.jar
[INFO] Downloaded from central: https://repo.maven.apache.org/maven2/io/smallrye/config/smallrye-config-common/3.17.2/smallrye-config-common-3.17.2.jar (15 kB at 35 kB/s)
[INFO] Downloading from central: https://repo.maven.apache.org/maven2/io/quarkus/quarkus-builder/3.38.0/quarkus-builder-3.38.0.jar
[INFO] Downloaded from central: https://repo.maven.apache.org/maven2/io/smallrye/common/smallrye-common-classloader/2.19.0/smallrye-common-classloader-2.19.0.jar (11 kB at 25 kB/s)
[INFO] Downloading from central: https://repo.maven.apache.org/maven2/org/graalvm/sdk/nativeimage/23.1.2/nativeimage-23.1.2.jar
[INFO] Downloaded from central: https://repo.maven.apache.org/maven2/org/jboss/threads/jboss-threads/3.9.2/jboss-threads-3.9.2.jar (133 kB at 306 kB/s)
[INFO] Downloading from central: https://repo.maven.apache.org/maven2/org/graalvm/sdk/word/23.1.2/word-23.1.2.jar
[INFO] Downloaded from central: https://repo.maven.apache.org/maven2/io/quarkus/quarkus-bootstrap-runner/3.38.0/quarkus-bootstrap-runner-3.38.0.jar (92 kB at 209 kB/s)
[INFO] Downloading from central: https://repo.maven.apache.org/maven2/net/bytebuddy/byte-buddy-agent/1.18.8/byte-buddy-agent-1.18.8.jar
[INFO] Downloaded from central: https://repo.maven.apache.org/maven2/org/crac/crac/1.5.0/crac-1.5.0.jar (13 kB at 30 kB/s)
[INFO] Downloading from central: https://repo.maven.apache.org/maven2/org/junit/platform/junit-platform-launcher/6.1.1/junit-platform-launcher-6.1.1.jar
[INFO] Downloaded from central: https://repo.maven.apache.org/maven2/io/quarkus/quarkus-builder/3.38.0/quarkus-builder-3.38.0.jar (94 kB at 205 kB/s)
[INFO] Downloading from central: https://repo.maven.apache.org/maven2/org/junit/platform/junit-platform-engine/6.1.1/junit-platform-engine-6.1.1.jar
[INFO] Downloaded from central: https://repo.maven.apache.org/maven2/org/graalvm/sdk/word/23.1.2/word-23.1.2.jar (22 kB at 49 kB/s)
[INFO] Downloading from central: https://repo.maven.apache.org/maven2/org/junit/platform/junit-platform-commons/6.1.1/junit-platform-commons-6.1.1.jar
[INFO] Downloaded from central: https://repo.maven.apache.org/maven2/net/bytebuddy/byte-buddy-agent/1.18.8/byte-buddy-agent-1.18.8.jar (267 kB at 573 kB/s)
[INFO] Downloading from central: https://repo.maven.apache.org/maven2/org/junit/jupiter/junit-jupiter/6.1.1/junit-jupiter-6.1.1.jar
[INFO] Downloaded from central: https://repo.maven.apache.org/maven2/org/graalvm/sdk/nativeimage/23.1.2/nativeimage-23.1.2.jar (217 kB at 465 kB/s)
[INFO] Downloading from central: https://repo.maven.apache.org/maven2/org/junit/jupiter/junit-jupiter-api/6.1.1/junit-jupiter-api-6.1.1.jar
[INFO] Downloaded from central: https://repo.maven.apache.org/maven2/org/junit/platform/junit-platform-launcher/6.1.1/junit-platform-launcher-6.1.1.jar (253 kB at 521 kB/s)
[INFO] Downloading from central: https://repo.maven.apache.org/maven2/org/junit/jupiter/junit-jupiter-params/6.1.1/junit-jupiter-params-6.1.1.jar
[INFO] Downloaded from central: https://repo.maven.apache.org/maven2/org/junit/platform/junit-platform-commons/6.1.1/junit-platform-commons-6.1.1.jar (176 kB at 361 kB/s)
[INFO] Downloading from central: https://repo.maven.apache.org/maven2/org/junit/jupiter/junit-jupiter-engine/6.1.1/junit-jupiter-engine-6.1.1.jar
[INFO] Downloaded from central: https://repo.maven.apache.org/maven2/org/junit/platform/junit-platform-engine/6.1.1/junit-platform-engine-6.1.1.jar (324 kB at 664 kB/s)
[INFO] Downloading from central: https://repo.maven.apache.org/maven2/io/quarkus/quarkus-project-core-extension-codestarts/3.38.0/quarkus-project-core-extension-codestarts-3.38.0.jar
[INFO] Downloaded from central: https://repo.maven.apache.org/maven2/org/junit/jupiter/junit-jupiter/6.1.1/junit-jupiter-6.1.1.jar (6.4 kB at 13 kB/s)
[INFO] Downloading from central: https://repo.maven.apache.org/maven2/io/quarkus/quarkus-devtools-common/3.38.0/quarkus-devtools-common-3.38.0.jar
[INFO] Downloaded from central: https://repo.maven.apache.org/maven2/org/junit/jupiter/junit-jupiter-api/6.1.1/junit-jupiter-api-6.1.1.jar (313 kB at 621 kB/s)
[INFO] Downloading from central: https://repo.maven.apache.org/maven2/io/quarkus/quarkus-devtools-registry-client/3.38.0/quarkus-devtools-registry-client-3.38.0.jar
[INFO] Downloaded from central: https://repo.maven.apache.org/maven2/org/junit/jupiter/junit-jupiter-engine/6.1.1/junit-jupiter-engine-6.1.1.jar (353 kB at 675 kB/s)
[INFO] Downloading from central: https://repo.maven.apache.org/maven2/io/quarkus/quarkus-devtools-base-codestarts/3.38.0/quarkus-devtools-base-codestarts-3.38.0.jar
[INFO] Downloaded from central: https://repo.maven.apache.org/maven2/io/quarkus/quarkus-project-core-extension-codestarts/3.38.0/quarkus-project-core-extension-codestarts-3.38.0.jar (335 kB at 638 kB/s)
[INFO] Downloading from central: https://repo.maven.apache.org/maven2/io/quarkus/quarkus-devtools-codestarts/3.38.0/quarkus-devtools-codestarts-3.38.0.jar
[INFO] Downloaded from central: https://repo.maven.apache.org/maven2/org/junit/jupiter/junit-jupiter-params/6.1.1/junit-jupiter-params-6.1.1.jar (303 kB at 571 kB/s)
[INFO] Downloading from central: https://repo.maven.apache.org/maven2/io/quarkus/qute/qute-core/3.38.0/qute-core-3.38.0.jar
[INFO] Downloaded from central: https://repo.maven.apache.org/maven2/io/quarkus/quarkus-devtools-common/3.38.0/quarkus-devtools-common-3.38.0.jar (423 kB at 797 kB/s)
[INFO] Downloading from central: https://repo.maven.apache.org/maven2/io/smallrye/reactive/mutiny/3.3.0/mutiny-3.3.0.jar
[INFO] Downloaded from central: https://repo.maven.apache.org/maven2/io/quarkus/quarkus-devtools-registry-client/3.38.0/quarkus-devtools-registry-client-3.38.0.jar (237 kB at 442 kB/s)
[INFO] Downloading from central: https://repo.maven.apache.org/maven2/org/jctools/jctools-core/4.0.5/jctools-core-4.0.5.jar
[INFO] Downloaded from central: https://repo.maven.apache.org/maven2/io/quarkus/quarkus-devtools-codestarts/3.38.0/quarkus-devtools-codestarts-3.38.0.jar (93 kB at 169 kB/s)
[INFO] Downloading from central: https://repo.maven.apache.org/maven2/io/smallrye/common/smallrye-common-version/2.19.0/smallrye-common-version-2.19.0.jar
[INFO] Downloaded from central: https://repo.maven.apache.org/maven2/io/quarkus/quarkus-devtools-base-codestarts/3.38.0/quarkus-devtools-base-codestarts-3.38.0.jar (391 kB at 709 kB/s)
[INFO] Downloading from central: https://repo.maven.apache.org/maven2/io/fabric8/maven-model-helper/41/maven-model-helper-41.jar
[INFO] Downloaded from central: https://repo.maven.apache.org/maven2/io/quarkus/qute/qute-core/3.38.0/qute-core-3.38.0.jar (397 kB at 710 kB/s)
[INFO] Downloading from central: https://repo.maven.apache.org/maven2/com/fasterxml/jackson/dataformat/jackson-dataformat-yaml/2.22.0/jackson-dataformat-yaml-2.22.0.jar
[INFO] Downloaded from central: https://repo.maven.apache.org/maven2/io/smallrye/common/smallrye-common-version/2.19.0/smallrye-common-version-2.19.0.jar (34 kB at 60 kB/s)
[INFO] Downloading from central: https://repo.maven.apache.org/maven2/com/fasterxml/jackson/datatype/jackson-datatype-jdk8/2.22.0/jackson-datatype-jdk8-2.22.0.jar
[INFO] Downloaded from central: https://repo.maven.apache.org/maven2/io/fabric8/maven-model-helper/41/maven-model-helper-41.jar (37 kB at 63 kB/s)
[INFO] Downloading from central: https://repo.maven.apache.org/maven2/org/apache/maven/maven-plugin-api/3.9.16/maven-plugin-api-3.9.16.jar
[INFO] Downloaded from central: https://repo.maven.apache.org/maven2/io/smallrye/reactive/mutiny/3.3.0/mutiny-3.3.0.jar (946 kB at 1.6 MB/s)
[INFO] Downloading from central: https://repo.maven.apache.org/maven2/org/apache/maven/maven-core/3.9.16/maven-core-3.9.16.jar
[INFO] Downloaded from central: https://repo.maven.apache.org/maven2/org/jctools/jctools-core/4.0.5/jctools-core-4.0.5.jar (494 kB at 847 kB/s)
[INFO] Downloading from central: https://repo.maven.apache.org/maven2/org/apache/maven/resolver/maven-resolver-impl/1.9.27/maven-resolver-impl-1.9.27.jar
[INFO] Downloaded from central: https://repo.maven.apache.org/maven2/com/fasterxml/jackson/dataformat/jackson-dataformat-yaml/2.22.0/jackson-dataformat-yaml-2.22.0.jar (61 kB at 104 kB/s)
[INFO] Downloading from central: https://repo.maven.apache.org/maven2/org/apache/maven/resolver/maven-resolver-named-locks/1.9.27/maven-resolver-named-locks-1.9.27.jar
[INFO] Downloaded from central: https://repo.maven.apache.org/maven2/com/fasterxml/jackson/datatype/jackson-datatype-jdk8/2.22.0/jackson-datatype-jdk8-2.22.0.jar (36 kB at 60 kB/s)
[INFO] Downloading from central: https://repo.maven.apache.org/maven2/org/apache/maven/resolver/maven-resolver-api/1.9.27/maven-resolver-api-1.9.27.jar
[INFO] Downloaded from central: https://repo.maven.apache.org/maven2/org/apache/maven/maven-plugin-api/3.9.16/maven-plugin-api-3.9.16.jar (48 kB at 79 kB/s)
[INFO] Downloading from central: https://repo.maven.apache.org/maven2/org/apache/maven/resolver/maven-resolver-spi/1.9.27/maven-resolver-spi-1.9.27.jar
[INFO] Downloaded from central: https://repo.maven.apache.org/maven2/org/apache/maven/resolver/maven-resolver-impl/1.9.27/maven-resolver-impl-1.9.27.jar (327 kB at 537 kB/s)
[INFO] Downloading from central: https://repo.maven.apache.org/maven2/jakarta/enterprise/jakarta.enterprise.cdi-api/4.1.0/jakarta.enterprise.cdi-api-4.1.0.jar
[INFO] Downloaded from central: https://repo.maven.apache.org/maven2/org/apache/maven/resolver/maven-resolver-named-locks/1.9.27/maven-resolver-named-locks-1.9.27.jar (38 kB at 61 kB/s)
[INFO] Downloading from central: https://repo.maven.apache.org/maven2/jakarta/enterprise/jakarta.enterprise.lang-model/4.1.0/jakarta.enterprise.lang-model-4.1.0.jar
[INFO] Downloaded from central: https://repo.maven.apache.org/maven2/org/apache/maven/resolver/maven-resolver-spi/1.9.27/maven-resolver-spi-1.9.27.jar (52 kB at 82 kB/s)
[INFO] Downloading from central: https://repo.maven.apache.org/maven2/jakarta/el/jakarta.el-api/6.0.1/jakarta.el-api-6.0.1.jar
[INFO] Downloaded from central: https://repo.maven.apache.org/maven2/org/apache/maven/resolver/maven-resolver-api/1.9.27/maven-resolver-api-1.9.27.jar (158 kB at 250 kB/s)
[INFO] Downloaded from central: https://repo.maven.apache.org/maven2/org/apache/maven/maven-core/3.9.16/maven-core-3.9.16.jar (722 kB at 1.1 MB/s)
[INFO] Downloading from central: https://repo.maven.apache.org/maven2/jakarta/interceptor/jakarta.interceptor-api/2.2.0/jakarta.interceptor-api-2.2.0.jar
[INFO] Downloading from central: https://repo.maven.apache.org/maven2/org/codejive/java-properties/0.0.7/java-properties-0.0.7.jar
[INFO] Downloaded from central: https://repo.maven.apache.org/maven2/jakarta/enterprise/jakarta.enterprise.cdi-api/4.1.0/jakarta.enterprise.cdi-api-4.1.0.jar (160 kB at 249 kB/s)
[INFO] Downloading from central: https://repo.maven.apache.org/maven2/io/quarkus/quarkus-analytics-common/3.38.0/quarkus-analytics-common-3.38.0.jar
[INFO] Downloaded from central: https://repo.maven.apache.org/maven2/jakarta/enterprise/jakarta.enterprise.lang-model/4.1.0/jakarta.enterprise.lang-model-4.1.0.jar (28 kB at 42 kB/s)
[INFO] Downloading from central: https://repo.maven.apache.org/maven2/io/quarkus/quarkus-devtools-message-writer/3.38.0/quarkus-devtools-message-writer-3.38.0.jar
[INFO] Downloaded from central: https://repo.maven.apache.org/maven2/jakarta/interceptor/jakarta.interceptor-api/2.2.0/jakarta.interceptor-api-2.2.0.jar (24 kB at 37 kB/s)
[INFO] Downloading from central: https://repo.maven.apache.org/maven2/io/quarkus/quarkus-cyclonedx-generator/3.38.0/quarkus-cyclonedx-generator-3.38.0.jar
[INFO] Downloaded from central: https://repo.maven.apache.org/maven2/jakarta/el/jakarta.el-api/6.0.1/jakarta.el-api-6.0.1.jar (93 kB at 142 kB/s)
[INFO] Downloading from central: https://repo.maven.apache.org/maven2/org/cyclonedx/cyclonedx-core-java/12.2.0/cyclonedx-core-java-12.2.0.jar
[INFO] Downloaded from central: https://repo.maven.apache.org/maven2/io/quarkus/quarkus-analytics-common/3.38.0/quarkus-analytics-common-3.38.0.jar (62 kB at 94 kB/s)
[INFO] Downloading from central: https://repo.maven.apache.org/maven2/org/apache/commons/commons-collections4/4.5.0/commons-collections4-4.5.0.jar
[INFO] Downloaded from central: https://repo.maven.apache.org/maven2/org/codejive/java-properties/0.0.7/java-properties-0.0.7.jar (27 kB at 41 kB/s)
[INFO] Downloading from central: https://repo.maven.apache.org/maven2/com/github/package-url/packageurl-java/1.5.0/packageurl-java-1.5.0.jar
[INFO] Downloaded from central: https://repo.maven.apache.org/maven2/io/quarkus/quarkus-cyclonedx-generator/3.38.0/quarkus-cyclonedx-generator-3.38.0.jar (23 kB at 34 kB/s)
[INFO] Downloading from central: https://repo.maven.apache.org/maven2/com/fasterxml/jackson/dataformat/jackson-dataformat-xml/2.22.0/jackson-dataformat-xml-2.22.0.jar
[INFO] Downloaded from central: https://repo.maven.apache.org/maven2/io/quarkus/quarkus-devtools-message-writer/3.38.0/quarkus-devtools-message-writer-3.38.0.jar (13 kB at 18 kB/s)
[INFO] Downloading from central: https://repo.maven.apache.org/maven2/com/fasterxml/woodstox/woodstox-core/7.2.0/woodstox-core-7.2.0.jar
[INFO] Downloaded from central: https://repo.maven.apache.org/maven2/com/github/package-url/packageurl-java/1.5.0/packageurl-java-1.5.0.jar (17 kB at 25 kB/s)
[INFO] Downloading from central: https://repo.maven.apache.org/maven2/com/networknt/json-schema-validator/2.0.1/json-schema-validator-2.0.1.jar
[INFO] Downloaded from central: https://repo.maven.apache.org/maven2/com/fasterxml/jackson/dataformat/jackson-dataformat-xml/2.22.0/jackson-dataformat-xml-2.22.0.jar (136 kB at 191 kB/s)
[INFO] Downloading from central: https://repo.maven.apache.org/maven2/com/ethlo/time/itu/1.14.0/itu-1.14.0.jar
[INFO] Downloaded from central: https://repo.maven.apache.org/maven2/org/apache/commons/commons-collections4/4.5.0/commons-collections4-4.5.0.jar (899 kB at 1.3 MB/s)
[INFO] Downloading from central: https://repo.maven.apache.org/maven2/org/freemarker/freemarker/2.3.34/freemarker-2.3.34.jar
[INFO] Downloaded from central: https://repo.maven.apache.org/maven2/com/networknt/json-schema-validator/2.0.1/json-schema-validator-2.0.1.jar (577 kB at 789 kB/s)
[INFO] Downloading from central: https://repo.maven.apache.org/maven2/org/eclipse/parsson/parsson/1.1.9/parsson-1.1.9.jar
[INFO] Downloaded from central: https://repo.maven.apache.org/maven2/com/ethlo/time/itu/1.14.0/itu-1.14.0.jar (58 kB at 77 kB/s)
[INFO] Downloading from central: https://repo.maven.apache.org/maven2/jakarta/json/jakarta.json-api/2.1.3/jakarta.json-api-2.1.3.jar
[INFO] Downloaded from central: https://repo.maven.apache.org/maven2/org/cyclonedx/cyclonedx-core-java/12.2.0/cyclonedx-core-java-12.2.0.jar (2.7 MB at 3.6 MB/s)
[INFO] Downloading from central: https://repo.maven.apache.org/maven2/com/fasterxml/jackson/core/jackson-databind/2.22.0/jackson-databind-2.22.0.jar
[INFO] Downloaded from central: https://repo.maven.apache.org/maven2/com/fasterxml/woodstox/woodstox-core/7.2.0/woodstox-core-7.2.0.jar (1.6 MB at 2.1 MB/s)
[INFO] Downloading from central: https://repo.maven.apache.org/maven2/com/fasterxml/jackson/core/jackson-annotations/2.22/jackson-annotations-2.22.jar
[INFO] Downloaded from central: https://repo.maven.apache.org/maven2/org/eclipse/parsson/parsson/1.1.9/parsson-1.1.9.jar (127 kB at 166 kB/s)
[INFO] Downloading from central: https://repo.maven.apache.org/maven2/com/fasterxml/jackson/core/jackson-core/2.22.0/jackson-core-2.22.0.jar
[INFO] Downloaded from central: https://repo.maven.apache.org/maven2/jakarta/json/jakarta.json-api/2.1.3/jakarta.json-api-2.1.3.jar (49 kB at 63 kB/s)
[INFO] Downloading from central: https://repo.maven.apache.org/maven2/org/twdata/maven/mojo-executor/2.4.0/mojo-executor-2.4.0.jar
[INFO] Downloaded from central: https://repo.maven.apache.org/maven2/org/freemarker/freemarker/2.3.34/freemarker-2.3.34.jar (1.9 MB at 2.4 MB/s)
[INFO] Downloading from central: https://repo.maven.apache.org/maven2/org/jboss/slf4j/slf4j-jboss-logmanager/2.0.2.Final/slf4j-jboss-logmanager-2.0.2.Final.jar
[INFO] Downloaded from central: https://repo.maven.apache.org/maven2/com/fasterxml/jackson/core/jackson-annotations/2.22/jackson-annotations-2.22.jar (84 kB at 107 kB/s)
[INFO] Downloaded from central: https://repo.maven.apache.org/maven2/org/twdata/maven/mojo-executor/2.4.0/mojo-executor-2.4.0.jar (13 kB at 17 kB/s)
[INFO] Downloaded from central: https://repo.maven.apache.org/maven2/org/jboss/slf4j/slf4j-jboss-logmanager/2.0.2.Final/slf4j-jboss-logmanager-2.0.2.Final.jar (15 kB at 18 kB/s)
[INFO] Downloaded from central: https://repo.maven.apache.org/maven2/com/fasterxml/jackson/core/jackson-core/2.22.0/jackson-core-2.22.0.jar (594 kB at 740 kB/s)
[INFO] Downloaded from central: https://repo.maven.apache.org/maven2/com/fasterxml/jackson/core/jackson-databind/2.22.0/jackson-databind-2.22.0.jar (1.7 MB at 2.1 MB/s)
[INFO] Scalpel 0.3.9 is disabled
[INFO] No need for inlining
[INFO] ------------------------------------------------------------------------
[INFO] Reactor Build Order:
[INFO] 
[INFO] Camel                                                              [pom]
[INFO] Camel :: Buildtools                                                [jar]
[INFO] Camel :: Parent                                                    [pom]
[INFO] Camel :: Tooling                                                   [pom]
[INFO] Camel :: Tooling :: Util                                           [jar]
[INFO] Camel :: Tooling Parent                                            [pom]
[INFO] Camel :: Maven Plugins                                             [pom]
[INFO] Camel :: SPI Annotations                                           [jar]
[INFO] Camel :: Util :: JSon                                              [jar]
[INFO] Camel :: Tooling :: Model                                          [jar]
[INFO] Camel :: Maven Plugins :: Camel Maven Package             [maven-plugin]
[INFO] Camel :: Core Modules                                              [pom]
[INFO] Camel :: Util                                                      [jar]
[INFO] Camel :: API                                                       [jar]
[INFO] 
[INFO] -----------------------< org.apache.camel:camel >-----------------------
[INFO] Building Camel 4.22.0                                             [1/14]
[INFO]   from pom.xml
[INFO] --------------------------------[ pom ]---------------------------------
[INFO] Downloading from central: https://repo.maven.apache.org/maven2/com/mycila/license-maven-plugin/5.1.1/license-maven-plugin-5.1.1.pom
[INFO] Downloaded from central: https://repo.maven.apache.org/maven2/com/mycila/license-maven-plugin/5.1.1/license-maven-plugin-5.1.1.pom (11 kB at 334 kB/s)
[INFO] Downloading from central: https://repo.maven.apache.org/maven2/com/mycila/license-maven-plugin-parent/5.1.1/license-maven-plugin-parent-5.1.1.pom
[INFO] Downloaded from central: https://repo.maven.apache.org/maven2/com/mycila/license-maven-plugin-parent/5.1.1/license-maven-plugin-parent-5.1.1.pom (23 kB at 877 kB/s)
[INFO] Downloading from central: https://repo.maven.apache.org/maven2/com/mycila/license-maven-plugin/5.1.1/license-maven-plugin-5.1.1.jar
[INFO] Downloaded from central: https://repo.maven.apache.org/maven2/com/mycila/license-maven-plugin/5.1.1/license-maven-plugin-5.1.1.jar (159 kB at 6.4 MB/s)
[INFO] 
[INFO] --- clean:3.5.0:clean (default-clean) @ camel ---
[INFO] 
[INFO] --- enforcer:3.6.3:enforce (enforce-maven-version) @ camel ---
[INFO] Rule Config Provider org.apache.maven.enforcer.rules.ExternalRules executed
[INFO] Rule 0: org.apache.maven.enforcer.rules.version.RequireMavenVersion passed
[INFO] Rule 1: org.apache.maven.enforcer.rules.dependency.BannedDependencies passed
[INFO] 
[INFO] --- enforcer:3.6.3:enforce (enforce-java-version) @ camel ---
[INFO] Rule 0: org.apache.maven.enforcer.rules.version.RequireJavaVersion passed
[INFO] 
[INFO] --- license:5.1.1:format (license-format) @ camel ---
[INFO] Downloading from central: https://repo.maven.apache.org/maven2/com/mycila/mycila-xmltool/4.4.ga/mycila-xmltool-4.4.ga.pom
[INFO] Downloaded from central: https://repo.maven.apache.org/maven2/com/mycila/mycila-xmltool/4.4.ga/mycila-xmltool-4.4.ga.pom (2.8 kB at 82 kB/s)
[INFO] Downloading from central: https://repo.maven.apache.org/maven2/com/mycila/mycila-pom/3/mycila-pom-3.pom
[INFO] Downloaded from central: https://repo.maven.apache.org/maven2/com/mycila/mycila-pom/3/mycila-pom-3.pom (20 kB at 638 kB/s)
[INFO] Downloading from central: https://repo.maven.apache.org/maven2/org/apache/commons/commons-pool2/2.13.1/commons-pool2-2.13.1.pom
[INFO] Downloaded from central: https://repo.maven.apache.org/maven2/org/apache/commons/commons-pool2/2.13.1/commons-pool2-2.13.1.pom (16 kB at 610 kB/s)
[INFO] Downloading from central: https://repo.maven.apache.org/maven2/com/mycila/mycila-xmltool/4.4.ga/mycila-xmltool-4.4.ga.jar
[INFO] Downloaded from central: https://repo.maven.apache.org/maven2/com/mycila/mycila-xmltool/4.4.ga/mycila-xmltool-4.4.ga.jar (60 kB at 2.1 MB/s)
[INFO] Downloading from central: https://repo.maven.apache.org/maven2/org/apache/commons/commons-pool2/2.13.1/commons-pool2-2.13.1.jar
[INFO] Downloaded from central: https://repo.maven.apache.org/maven2/org/apache/commons/commons-pool2/2.13.1/commons-pool2-2.13.1.jar (156 kB at 5.0 MB/s)
[INFO] Updating license headers...
[INFO] License format: 6 file(s) processed (Added: 0, Replaced: 0, OK: 6, Unknown: 0)
[INFO] 
[INFO] --- flatten:1.8.0:flatten (default-cli) @ camel ---
[INFO] Generating flattened POM of project org.apache.camel:camel:pom:4.22.0...
[INFO] 
[INFO] -----------------< org.apache.camel:camel-buildtools >------------------
[INFO] Building Camel :: Buildtools 4.22.0                               [2/14]
[INFO]   from buildingtools/pom.xml
[INFO] --------------------------------[ jar ]---------------------------------
[INFO] 
[INFO] --- clean:3.5.0:clean (default-clean) @ camel-buildtools ---
[INFO] 
[INFO] --- enforcer:3.6.3:enforce (enforce-maven-version) @ camel-buildtools ---
[INFO] Rule Config Provider org.apache.maven.enforcer.rules.ExternalRules executed
[INFO] Rule 1: org.apache.maven.enforcer.rules.dependency.BannedDependencies passed
[INFO] 
[INFO] --- enforcer:3.6.3:enforce (enforce-java-version) @ camel-buildtools ---
[INFO] 
[INFO] --- license:5.1.1:format (license-format) @ camel-buildtools ---
[INFO] Updating license headers...
[INFO] License format: 7 file(s) processed (Added: 0, Replaced: 0, OK: 7, Unknown: 0)
[INFO] 
[INFO] --- resources:3.5.0:resources (default-resources) @ camel-buildtools ---
[INFO] Copying 9 resources from src/main/resources to target/classes
[INFO] 
[INFO] --- flatten:1.8.0:flatten (default-cli) @ camel-buildtools ---
[INFO] Generating flattened POM of project org.apache.camel:camel-buildtools:jar:4.22.0...
[INFO] 
[INFO] --- compiler:3.15.0:compile (default-compile) @ camel-buildtools ---
[INFO] No sources to compile
[INFO] 
[INFO] --- resources:3.5.0:testResources (default-testResources) @ camel-buildtools ---
[INFO] Not copying test resources
[INFO] 
[INFO] --- compiler:3.15.0:testCompile (default-testCompile) @ camel-buildtools ---
[INFO] Skipped
[INFO] 
[INFO] --- surefire:3.5.6:test (default-test) @ camel-buildtools ---
[INFO] Skipped
[INFO] 
[INFO] --- jar:3.5.0:jar (default-jar) @ camel-buildtools ---
[INFO] Building jar: /home/srikanth/standoff/apache_camel/buildingtools/target/camel-buildtools-4.22.0.jar
[INFO] 
[INFO] -------------------< org.apache.camel:camel-parent >--------------------
[INFO] Building Camel :: Parent 4.22.0                                   [3/14]
[INFO]   from parent/pom.xml
[INFO] --------------------------------[ pom ]---------------------------------
[INFO] Downloading from central: https://repo.maven.apache.org/maven2/net/revelc/code/formatter/formatter-maven-plugin/2.29.0/formatter-maven-plugin-2.29.0.pom
[INFO] Downloaded from central: https://repo.maven.apache.org/maven2/net/revelc/code/formatter/formatter-maven-plugin/2.29.0/formatter-maven-plugin-2.29.0.pom (9.8 kB at 265 kB/s)
[INFO] Downloading from central: https://repo.maven.apache.org/maven2/net/revelc/code/revelc/9/revelc-9.pom
[INFO] Downloaded from central: https://repo.maven.apache.org/maven2/net/revelc/code/revelc/9/revelc-9.pom (38 kB at 894 kB/s)
[INFO] Downloading from central: https://repo.maven.apache.org/maven2/com/fasterxml/jackson/jackson-bom/2.20.0/jackson-bom-2.20.0.pom
[INFO] Downloaded from central: https://repo.maven.apache.org/maven2/com/fasterxml/jackson/jackson-bom/2.20.0/jackson-bom-2.20.0.pom (20 kB at 493 kB/s)
[INFO] Downloading from central: https://repo.maven.apache.org/maven2/org/junit/junit-bom/5.13.2/junit-bom-5.13.2.pom
[INFO] Downloaded from central: https://repo.maven.apache.org/maven2/org/junit/junit-bom/5.13.2/junit-bom-5.13.2.pom (5.7 kB at 177 kB/s)
[INFO] Downloading from central: https://repo.maven.apache.org/maven2/net/revelc/code/formatter/formatter-maven-plugin/2.29.0/formatter-maven-plugin-2.29.0.jar
[INFO] Downloaded from central: https://repo.maven.apache.org/maven2/net/revelc/code/formatter/formatter-maven-plugin/2.29.0/formatter-maven-plugin-2.29.0.jar (75 kB at 2.0 MB/s)
[INFO] Downloading from central: https://repo.maven.apache.org/maven2/net/revelc/code/impsort-maven-plugin/1.13.0/impsort-maven-plugin-1.13.0.pom
[INFO] Downloaded from central: https://repo.maven.apache.org/maven2/net/revelc/code/impsort-maven-plugin/1.13.0/impsort-maven-plugin-1.13.0.pom (5.5 kB at 158 kB/s)
[INFO] Downloading from central: https://repo.maven.apache.org/maven2/net/revelc/code/impsort-maven-plugin/1.13.0/impsort-maven-plugin-1.13.0.jar
[INFO] Downloaded from central: https://repo.maven.apache.org/maven2/net/revelc/code/impsort-maven-plugin/1.13.0/impsort-maven-plugin-1.13.0.jar (54 kB at 2.1 MB/s)
[INFO] 
[INFO] --- clean:3.5.0:clean (default-clean) @ camel-parent ---
[INFO] 
[INFO] --- enforcer:3.6.3:enforce (enforce-maven-version) @ camel-parent ---
[INFO] Rule Config Provider org.apache.maven.enforcer.rules.ExternalRules executed
[INFO] Rule 1: org.apache.maven.enforcer.rules.dependency.BannedDependencies passed
[INFO] 
[INFO] --- enforcer:3.6.3:enforce (enforce-java-version) @ camel-parent ---
[INFO] 
[INFO] --- license:5.1.1:format (license-format) @ camel-parent ---
[INFO] Updating license headers...
[INFO] License format: 1 file(s) processed (Added: 0, Replaced: 0, OK: 1, Unknown: 0)
[INFO] 
[INFO] --- formatter:2.29.0:format (format) @ camel-parent ---
[INFO] Downloading from central: https://repo.maven.apache.org/maven2/com/fasterxml/jackson/core/jackson-core/2.20.0/jackson-core-2.20.0.pom
[INFO] Downloaded from central: https://repo.maven.apache.org/maven2/com/fasterxml/jackson/core/jackson-core/2.20.0/jackson-core-2.20.0.pom (9.7 kB at 336 kB/s)
[INFO] Downloading from central: https://repo.maven.apache.org/maven2/com/fasterxml/jackson/jackson-base/2.20.0/jackson-base-2.20.0.pom
[INFO] Downloaded from central: https://repo.maven.apache.org/maven2/com/fasterxml/jackson/jackson-base/2.20.0/jackson-base-2.20.0.pom (13 kB at 394 kB/s)
[INFO] Downloading from central: https://repo.maven.apache.org/maven2/com/fasterxml/jackson/core/jackson-databind/2.20.0/jackson-databind-2.20.0.pom
[INFO] Downloaded from central: https://repo.maven.apache.org/maven2/com/fasterxml/jackson/core/jackson-databind/2.20.0/jackson-databind-2.20.0.pom (23 kB at 739 kB/s)
[INFO] Downloading from central: https://repo.maven.apache.org/maven2/com/google/guava/guava/33.4.8-jre/guava-33.4.8-jre.pom
[INFO] Downloaded from central: https://repo.maven.apache.org/maven2/com/google/guava/guava/33.4.8-jre/guava-33.4.8-jre.pom (9.6 kB at 246 kB/s)
[INFO] Downloading from central: https://repo.maven.apache.org/maven2/com/google/guava/guava-parent/33.4.8-jre/guava-parent-33.4.8-jre.pom
[INFO] Downloaded from central: https://repo.maven.apache.org/maven2/com/google/guava/guava-parent/33.4.8-jre/guava-parent-33.4.8-jre.pom (25 kB at 793 kB/s)
[INFO] Downloading from central: https://repo.maven.apache.org/maven2/net/revelc/code/formatter/jsdt-core/3.5.0/jsdt-core-3.5.0.pom
[INFO] Downloaded from central: https://repo.maven.apache.org/maven2/net/revelc/code/formatter/jsdt-core/3.5.0/jsdt-core-3.5.0.pom (4.6 kB at 153 kB/s)
[INFO] Downloading from central: https://repo.maven.apache.org/maven2/com/ibm/icu/icu4j/76.1/icu4j-76.1.pom
[INFO] Downloaded from central: https://repo.maven.apache.org/maven2/com/ibm/icu/icu4j/76.1/icu4j-76.1.pom (1.5 kB at 51 kB/s)
[INFO] Downloading from central: https://repo.maven.apache.org/maven2/net/java/dev/jna/jna-platform/5.17.0/jna-platform-5.17.0.pom
[INFO] Downloaded from central: https://repo.maven.apache.org/maven2/net/java/dev/jna/jna-platform/5.17.0/jna-platform-5.17.0.pom (2.3 kB at 83 kB/s)
[INFO] Downloading from central: https://repo.maven.apache.org/maven2/org/osgi/org.osgi.service.prefs/1.1.2/org.osgi.service.prefs-1.1.2.pom
[INFO] Downloaded from central: https://repo.maven.apache.org/maven2/org/osgi/org.osgi.service.prefs/1.1.2/org.osgi.service.prefs-1.1.2.pom (1.7 kB at 53 kB/s)
[INFO] Downloading from central: https://repo.maven.apache.org/maven2/org/osgi/org.osgi.util.measurement/1.0.2/org.osgi.util.measurement-1.0.2.pom
[INFO] Downloaded from central: https://repo.maven.apache.org/maven2/org/osgi/org.osgi.util.measurement/1.0.2/org.osgi.util.measurement-1.0.2.pom (1.4 kB at 58 kB/s)
[INFO] Downloading from central: https://repo.maven.apache.org/maven2/org/osgi/org.osgi.util.position/1.0.1/org.osgi.util.position-1.0.1.pom
[INFO] Downloaded from central: https://repo.maven.apache.org/maven2/org/osgi/org.osgi.util.position/1.0.1/org.osgi.util.position-1.0.1.pom (1.3 kB at 46 kB/s)
[INFO] Downloading from central: https://repo.maven.apache.org/maven2/org/osgi/org.osgi.util.xml/1.0.2/org.osgi.util.xml-1.0.2.pom
[INFO] Downloaded from central: https://repo.maven.apache.org/maven2/org/osgi/org.osgi.util.xml/1.0.2/org.osgi.util.xml-1.0.2.pom (1.9 kB at 53 kB/s)
[INFO] Downloading from central: https://repo.maven.apache.org/maven2/net/revelc/code/formatter/xml-formatter/0.4.0/xml-formatter-0.4.0.pom
[INFO] Downloaded from central: https://repo.maven.apache.org/maven2/net/revelc/code/formatter/xml-formatter/0.4.0/xml-formatter-0.4.0.pom (3.2 kB at 132 kB/s)
[INFO] Downloading from central: https://repo.maven.apache.org/maven2/net/revelc/code/revelc/5/revelc-5.pom
[INFO] Downloaded from central: https://repo.maven.apache.org/maven2/net/revelc/code/revelc/5/revelc-5.pom (36 kB at 1.2 MB/s)
[INFO] Downloading from central: https://repo.maven.apache.org/maven2/net/sourceforge/cssparser/cssparser/0.9.30/cssparser-0.9.30.pom
[INFO] Downloaded from central: https://repo.maven.apache.org/maven2/net/sourceforge/cssparser/cssparser/0.9.30/cssparser-0.9.30.pom (17 kB at 647 kB/s)
[INFO] Downloading from central: https://repo.maven.apache.org/maven2/org/w3c/css/sac/1.3/sac-1.3.pom
[INFO] Downloaded from central: https://repo.maven.apache.org/maven2/org/w3c/css/sac/1.3/sac-1.3.pom (1.1 kB at 40 kB/s)
[INFO] Downloading from central: https://repo.maven.apache.org/maven2/cglib/cglib/3.3.0/cglib-3.3.0.pom
[INFO] Downloaded from central: https://repo.maven.apache.org/maven2/cglib/cglib/3.3.0/cglib-3.3.0.pom (2.9 kB at 102 kB/s)
[INFO] Downloading from central: https://repo.maven.apache.org/maven2/cglib/cglib-parent/3.3.0/cglib-parent-3.3.0.pom
[INFO] Downloaded from central: https://repo.maven.apache.org/maven2/cglib/cglib-parent/3.3.0/cglib-parent-3.3.0.pom (10 kB at 423 kB/s)
[INFO] Downloading from central: https://repo.maven.apache.org/maven2/org/eclipse/jdt/org.eclipse.jdt.core/3.43.0/org.eclipse.jdt.core-3.43.0.pom
[INFO] Downloaded from central: https://repo.maven.apache.org/maven2/org/eclipse/jdt/org.eclipse.jdt.core/3.43.0/org.eclipse.jdt.core-3.43.0.pom (2.8 kB at 92 kB/s)
[INFO] Downloading from central: https://repo.maven.apache.org/maven2/org/eclipse/platform/org.eclipse.core.resources/3.23.0/org.eclipse.core.resources-3.23.0.pom
[INFO] Downloaded from central: https://repo.maven.apache.org/maven2/org/eclipse/platform/org.eclipse.core.resources/3.23.0/org.eclipse.core.resources-3.23.0.pom (2.8 kB at 69 kB/s)
[INFO] Downloading from central: https://repo.maven.apache.org/maven2/org/eclipse/platform/org.eclipse.core.expressions/3.9.500/org.eclipse.core.expressions-3.9.500.pom
[INFO] Downloaded from central: https://repo.maven.apache.org/maven2/org/eclipse/platform/org.eclipse.core.expressions/3.9.500/org.eclipse.core.expressions-3.9.500.pom (1.8 kB at 66 kB/s)
[INFO] Downloading from central: https://repo.maven.apache.org/maven2/org/eclipse/platform/org.eclipse.core.runtime/3.34.0/org.eclipse.core.runtime-3.34.0.pom
[INFO] Downloaded from central: https://repo.maven.apache.org/maven2/org/eclipse/platform/org.eclipse.core.runtime/3.34.0/org.eclipse.core.runtime-3.34.0.pom (3.0 kB at 113 kB/s)
[INFO] Downloading from central: https://repo.maven.apache.org/maven2/org/eclipse/platform/org.eclipse.osgi/3.23.200/org.eclipse.osgi-3.23.200.pom
[INFO] Downloaded from central: https://repo.maven.apache.org/maven2/org/eclipse/platform/org.eclipse.osgi/3.23.200/org.eclipse.osgi-3.23.200.pom (1.5 kB at 58 kB/s)
[INFO] Downloading from central: https://repo.maven.apache.org/maven2/org/eclipse/platform/org.eclipse.equinox.common/3.20.200/org.eclipse.equinox.common-3.20.200.pom
[INFO] Downloaded from central: https://repo.maven.apache.org/maven2/org/eclipse/platform/org.eclipse.equinox.common/3.20.200/org.eclipse.equinox.common-3.20.200.pom (1.8 kB at 48 kB/s)
[INFO] Downloading from central: https://repo.maven.apache.org/maven2/org/eclipse/platform/org.eclipse.core.jobs/3.15.700/org.eclipse.core.jobs-3.15.700.pom
[INFO] Downloaded from central: https://repo.maven.apache.org/maven2/org/eclipse/platform/org.eclipse.core.jobs/3.15.700/org.eclipse.core.jobs-3.15.700.pom (2.0 kB at 75 kB/s)
[INFO] Downloading from central: https://repo.maven.apache.org/maven2/org/eclipse/platform/org.eclipse.equinox.registry/3.12.500/org.eclipse.equinox.registry-3.12.500.pom
[INFO] Downloaded from central: https://repo.maven.apache.org/maven2/org/eclipse/platform/org.eclipse.equinox.registry/3.12.500/org.eclipse.equinox.registry-3.12.500.pom (2.2 kB at 84 kB/s)
[INFO] Downloading from central: https://repo.maven.apache.org/maven2/org/eclipse/platform/org.eclipse.equinox.preferences/3.12.0/org.eclipse.equinox.preferences-3.12.0.pom
[INFO] Downloaded from central: https://repo.maven.apache.org/maven2/org/eclipse/platform/org.eclipse.equinox.preferences/3.12.0/org.eclipse.equinox.preferences-3.12.0.pom (2.4 kB at 82 kB/s)
[INFO] Downloading from central: https://repo.maven.apache.org/maven2/org/eclipse/platform/org.eclipse.core.contenttype/3.9.700/org.eclipse.core.contenttype-3.9.700.pom
[INFO] Downloaded from central: https://repo.maven.apache.org/maven2/org/eclipse/platform/org.eclipse.core.contenttype/3.9.700/org.eclipse.core.contenttype-3.9.700.pom (2.5 kB at 73 kB/s)
[INFO] Downloading from central: https://repo.maven.apache.org/maven2/org/eclipse/platform/org.eclipse.equinox.app/1.7.500/org.eclipse.equinox.app-1.7.500.pom
[INFO] Downloaded from central: https://repo.maven.apache.org/maven2/org/eclipse/platform/org.eclipse.equinox.app/1.7.500/org.eclipse.equinox.app-1.7.500.pom (2.4 kB at 77 kB/s)
[INFO] Downloading from central: https://repo.maven.apache.org/maven2/org/eclipse/platform/org.eclipse.core.filesystem/1.11.300/org.eclipse.core.filesystem-1.11.300.pom
[INFO] Downloaded from central: https://repo.maven.apache.org/maven2/org/eclipse/platform/org.eclipse.core.filesystem/1.11.300/org.eclipse.core.filesystem-1.11.300.pom (2.8 kB at 108 kB/s)
[INFO] Downloading from central: https://repo.maven.apache.org/maven2/org/eclipse/platform/org.eclipse.text/3.14.400/org.eclipse.text-3.14.400.pom
[INFO] Downloaded from central: https://repo.maven.apache.org/maven2/org/eclipse/platform/org.eclipse.text/3.14.400/org.eclipse.text-3.14.400.pom (2.4 kB at 83 kB/s)
[INFO] Downloading from central: https://repo.maven.apache.org/maven2/org/eclipse/platform/org.eclipse.core.commands/3.12.400/org.eclipse.core.commands-3.12.400.pom
[INFO] Downloaded from central: https://repo.maven.apache.org/maven2/org/eclipse/platform/org.eclipse.core.commands/3.12.400/org.eclipse.core.commands-3.12.400.pom (1.8 kB at 65 kB/s)
[INFO] Downloading from central: https://repo.maven.apache.org/maven2/org/eclipse/platform/org.eclipse.equinox.common/3.20.100/org.eclipse.equinox.common-3.20.100.pom
[INFO] Downloaded from central: https://repo.maven.apache.org/maven2/org/eclipse/platform/org.eclipse.equinox.common/3.20.100/org.eclipse.equinox.common-3.20.100.pom (1.8 kB at 68 kB/s)
[INFO] Downloading from central: https://repo.maven.apache.org/maven2/org/eclipse/platform/org.eclipse.osgi/3.23.100/org.eclipse.osgi-3.23.100.pom
[INFO] Downloaded from central: https://repo.maven.apache.org/maven2/org/eclipse/platform/org.eclipse.osgi/3.23.100/org.eclipse.osgi-3.23.100.pom (1.5 kB at 56 kB/s)
[INFO] Downloading from central: https://repo.maven.apache.org/maven2/org/eclipse/jdt/ecj/3.43.0/ecj-3.43.0.pom
[INFO] Downloaded from central: https://repo.maven.apache.org/maven2/org/eclipse/jdt/ecj/3.43.0/ecj-3.43.0.pom (1.6 kB at 57 kB/s)
[INFO] Downloading from central: https://repo.maven.apache.org/maven2/org/jsoup/jsoup/1.21.2/jsoup-1.21.2.pom
[INFO] Downloaded from central: https://repo.maven.apache.org/maven2/org/jsoup/jsoup/1.21.2/jsoup-1.21.2.pom (20 kB at 632 kB/s)
[INFO] Downloading from central: https://repo.maven.apache.org/maven2/com/fasterxml/jackson/core/jackson-core/2.20.0/jackson-core-2.20.0.jar
[INFO] Downloaded from central: https://repo.maven.apache.org/maven2/com/fasterxml/jackson/core/jackson-core/2.20.0/jackson-core-2.20.0.jar (593 kB at 16 MB/s)
[INFO] Downloading from central: https://repo.maven.apache.org/maven2/com/fasterxml/jackson/core/jackson-databind/2.20.0/jackson-databind-2.20.0.jar
[INFO] Downloading from central: https://repo.maven.apache.org/maven2/com/google/guava/guava/33.4.8-jre/guava-33.4.8-jre.jar
[INFO] Downloading from central: https://repo.maven.apache.org/maven2/com/google/j2objc/j2objc-annotations/3.0.0/j2objc-annotations-3.0.0.jar
[INFO] Downloading from central: https://repo.maven.apache.org/maven2/net/revelc/code/formatter/jsdt-core/3.5.0/jsdt-core-3.5.0.jar
[INFO] Downloading from central: https://repo.maven.apache.org/maven2/com/ibm/icu/icu4j/76.1/icu4j-76.1.jar
[INFO] Downloaded from central: https://repo.maven.apache.org/maven2/com/google/j2objc/j2objc-annotations/3.0.0/j2objc-annotations-3.0.0.jar (12 kB at 430 kB/s)
[INFO] Downloading from central: https://repo.maven.apache.org/maven2/net/java/dev/jna/jna-platform/5.17.0/jna-platform-5.17.0.jar
[INFO] Downloaded from central: https://repo.maven.apache.org/maven2/com/fasterxml/jackson/core/jackson-databind/2.20.0/jackson-databind-2.20.0.jar (1.7 MB at 17 MB/s)
[INFO] Downloading from central: https://repo.maven.apache.org/maven2/org/osgi/org.osgi.service.prefs/1.1.2/org.osgi.service.prefs-1.1.2.jar
[INFO] Downloaded from central: https://repo.maven.apache.org/maven2/org/osgi/org.osgi.service.prefs/1.1.2/org.osgi.service.prefs-1.1.2.jar (20 kB at 161 kB/s)
[INFO] Downloading from central: https://repo.maven.apache.org/maven2/org/osgi/osgi.annotation/8.1.0/osgi.annotation-8.1.0.jar
[INFO] Downloaded from central: https://repo.maven.apache.org/maven2/org/osgi/osgi.annotation/8.1.0/osgi.annotation-8.1.0.jar (36 kB at 225 kB/s)
[INFO] Downloading from central: https://repo.maven.apache.org/maven2/org/osgi/org.osgi.util.measurement/1.0.2/org.osgi.util.measurement-1.0.2.jar
[INFO] Downloaded from central: https://repo.maven.apache.org/maven2/org/osgi/org.osgi.util.measurement/1.0.2/org.osgi.util.measurement-1.0.2.jar (26 kB at 144 kB/s)
[INFO] Downloading from central: https://repo.maven.apache.org/maven2/org/osgi/org.osgi.util.position/1.0.1/org.osgi.util.position-1.0.1.jar
[INFO] Downloaded from central: https://repo.maven.apache.org/maven2/org/osgi/org.osgi.util.position/1.0.1/org.osgi.util.position-1.0.1.jar (14 kB at 68 kB/s)
[INFO] Downloading from central: https://repo.maven.apache.org/maven2/org/osgi/org.osgi.util.xml/1.0.2/org.osgi.util.xml-1.0.2.jar
[INFO] Downloaded from central: https://repo.maven.apache.org/maven2/org/osgi/org.osgi.util.xml/1.0.2/org.osgi.util.xml-1.0.2.jar (19 kB at 80 kB/s)
[INFO] Downloading from central: https://repo.maven.apache.org/maven2/net/revelc/code/formatter/xml-formatter/0.4.0/xml-formatter-0.4.0.jar
[INFO] Downloaded from central: https://repo.maven.apache.org/maven2/net/revelc/code/formatter/xml-formatter/0.4.0/xml-formatter-0.4.0.jar (30 kB at 115 kB/s)
[INFO] Downloading from central: https://repo.maven.apache.org/maven2/net/sourceforge/cssparser/cssparser/0.9.30/cssparser-0.9.30.jar
[INFO] Downloaded from central: https://repo.maven.apache.org/maven2/net/revelc/code/formatter/jsdt-core/3.5.0/jsdt-core-3.5.0.jar (6.9 MB at 26 MB/s)
[INFO] Downloading from central: https://repo.maven.apache.org/maven2/cglib/cglib/3.3.0/cglib-3.3.0.jar
[INFO] Downloaded from central: https://repo.maven.apache.org/maven2/com/google/guava/guava/33.4.8-jre/guava-33.4.8-jre.jar (3.0 MB at 11 MB/s)
[INFO] Downloading from central: https://repo.maven.apache.org/maven2/org/eclipse/jdt/org.eclipse.jdt.core/3.43.0/org.eclipse.jdt.core-3.43.0.jar
[INFO] Downloaded from central: https://repo.maven.apache.org/maven2/net/sourceforge/cssparser/cssparser/0.9.30/cssparser-0.9.30.jar (411 kB at 1.4 MB/s)
[INFO] Downloading from central: https://repo.maven.apache.org/maven2/org/eclipse/platform/org.eclipse.core.resources/3.23.0/org.eclipse.core.resources-3.23.0.jar
[INFO] Downloaded from central: https://repo.maven.apache.org/maven2/cglib/cglib/3.3.0/cglib-3.3.0.jar (307 kB at 1.0 MB/s)
[INFO] Downloading from central: https://repo.maven.apache.org/maven2/org/eclipse/platform/org.eclipse.core.expressions/3.9.500/org.eclipse.core.expressions-3.9.500.jar
[INFO] Downloaded from central: https://repo.maven.apache.org/maven2/org/eclipse/platform/org.eclipse.core.expressions/3.9.500/org.eclipse.core.expressions-3.9.500.jar (99 kB at 304 kB/s)
[INFO] Downloading from central: https://repo.maven.apache.org/maven2/org/eclipse/platform/org.eclipse.osgi/3.23.200/org.eclipse.osgi-3.23.200.jar
[INFO] Downloaded from central: https://repo.maven.apache.org/maven2/org/eclipse/platform/org.eclipse.core.resources/3.23.0/org.eclipse.core.resources-3.23.0.jar (961 kB at 2.8 MB/s)
[INFO] Downloading from central: https://repo.maven.apache.org/maven2/org/eclipse/platform/org.eclipse.core.runtime/3.34.0/org.eclipse.core.runtime-3.34.0.jar
[INFO] Downloaded from central: https://repo.maven.apache.org/maven2/net/java/dev/jna/jna-platform/5.17.0/jna-platform-5.17.0.jar (1.4 MB at 3.9 MB/s)
[INFO] Downloading from central: https://repo.maven.apache.org/maven2/org/eclipse/platform/org.eclipse.equinox.common/3.20.200/org.eclipse.equinox.common-3.20.200.jar
[INFO] Downloaded from central: https://repo.maven.apache.org/maven2/org/eclipse/platform/org.eclipse.core.runtime/3.34.0/org.eclipse.core.runtime-3.34.0.jar (83 kB at 222 kB/s)
[INFO] Downloading from central: https://repo.maven.apache.org/maven2/org/eclipse/platform/org.eclipse.core.jobs/3.15.700/org.eclipse.core.jobs-3.15.700.jar
[INFO] Downloaded from central: https://repo.maven.apache.org/maven2/org/eclipse/platform/org.eclipse.equinox.common/3.20.200/org.eclipse.equinox.common-3.20.200.jar (165 kB at 424 kB/s)
[INFO] Downloading from central: https://repo.maven.apache.org/maven2/org/eclipse/platform/org.eclipse.equinox.registry/3.12.500/org.eclipse.equinox.registry-3.12.500.jar
[INFO] Downloaded from central: https://repo.maven.apache.org/maven2/org/eclipse/platform/org.eclipse.osgi/3.23.200/org.eclipse.osgi-3.23.200.jar (1.6 MB at 4.1 MB/s)
[INFO] Downloading from central: https://repo.maven.apache.org/maven2/org/eclipse/platform/org.eclipse.equinox.preferences/3.12.0/org.eclipse.equinox.preferences-3.12.0.jar
[INFO] Downloaded from central: https://repo.maven.apache.org/maven2/org/eclipse/platform/org.eclipse.core.jobs/3.15.700/org.eclipse.core.jobs-3.15.700.jar (121 kB at 298 kB/s)
[INFO] Downloading from central: https://repo.maven.apache.org/maven2/org/eclipse/platform/org.eclipse.core.contenttype/3.9.700/org.eclipse.core.contenttype-3.9.700.jar
[INFO] Downloaded from central: https://repo.maven.apache.org/maven2/org/eclipse/platform/org.eclipse.equinox.registry/3.12.500/org.eclipse.equinox.registry-3.12.500.jar (206 kB at 491 kB/s)
[INFO] Downloading from central: https://repo.maven.apache.org/maven2/org/eclipse/platform/org.eclipse.equinox.app/1.7.500/org.eclipse.equinox.app-1.7.500.jar
[INFO] Downloaded from central: https://repo.maven.apache.org/maven2/org/eclipse/platform/org.eclipse.equinox.preferences/3.12.0/org.eclipse.equinox.preferences-3.12.0.jar (130 kB at 302 kB/s)
[INFO] Downloading from central: https://repo.maven.apache.org/maven2/org/eclipse/platform/org.eclipse.core.filesystem/1.11.300/org.eclipse.core.filesystem-1.11.300.jar
[INFO] Downloaded from central: https://repo.maven.apache.org/maven2/org/eclipse/platform/org.eclipse.core.contenttype/3.9.700/org.eclipse.core.contenttype-3.9.700.jar (108 kB at 249 kB/s)
[INFO] Downloading from central: https://repo.maven.apache.org/maven2/org/eclipse/platform/org.eclipse.text/3.14.400/org.eclipse.text-3.14.400.jar
[INFO] Downloaded from central: https://repo.maven.apache.org/maven2/org/eclipse/platform/org.eclipse.equinox.app/1.7.500/org.eclipse.equinox.app-1.7.500.jar (93 kB at 209 kB/s)
[INFO] Downloading from central: https://repo.maven.apache.org/maven2/org/eclipse/platform/org.eclipse.core.commands/3.12.400/org.eclipse.core.commands-3.12.400.jar
[INFO] Downloaded from central: https://repo.maven.apache.org/maven2/org/eclipse/jdt/org.eclipse.jdt.core/3.43.0/org.eclipse.jdt.core-3.43.0.jar (4.5 MB at 9.9 MB/s)
[INFO] Downloading from central: https://repo.maven.apache.org/maven2/org/eclipse/jdt/ecj/3.43.0/ecj-3.43.0.jar
[INFO] Downloaded from central: https://repo.maven.apache.org/maven2/org/eclipse/platform/org.eclipse.core.filesystem/1.11.300/org.eclipse.core.filesystem-1.11.300.jar (79 kB at 171 kB/s)
[INFO] Downloading from central: https://repo.maven.apache.org/maven2/org/jsoup/jsoup/1.21.2/jsoup-1.21.2.jar
[INFO] Downloaded from central: https://repo.maven.apache.org/maven2/org/eclipse/platform/org.eclipse.text/3.14.400/org.eclipse.text-3.14.400.jar (361 kB at 780 kB/s)
[INFO] Downloading from central: https://repo.maven.apache.org/maven2/org/w3c/css/sac/1.3/sac-1.3.jar
[INFO] Downloaded from central: https://repo.maven.apache.org/maven2/org/eclipse/platform/org.eclipse.core.commands/3.12.400/org.eclipse.core.commands-3.12.400.jar (122 kB at 255 kB/s)
[INFO] Downloaded from central: https://repo.maven.apache.org/maven2/org/w3c/css/sac/1.3/sac-1.3.jar (16 kB at 32 kB/s)
[INFO] Downloaded from central: https://repo.maven.apache.org/maven2/org/jsoup/jsoup/1.21.2/jsoup-1.21.2.jar (500 kB at 1.0 MB/s)
[INFO] Downloaded from central: https://repo.maven.apache.org/maven2/com/ibm/icu/icu4j/76.1/icu4j-76.1.jar (15 MB at 25 MB/s)
[INFO] Downloaded from central: https://repo.maven.apache.org/maven2/org/eclipse/jdt/ecj/3.43.0/ecj-3.43.0.jar (3.3 MB at 5.8 MB/s)
[INFO] 
[INFO] --- impsort:1.13.0:sort (sort-imports) @ camel-parent ---
[INFO] Downloading from central: https://repo.maven.apache.org/maven2/com/github/javaparser/javaparser-core/3.28.0/javaparser-core-3.28.0.pom
[INFO] Downloaded from central: https://repo.maven.apache.org/maven2/com/github/javaparser/javaparser-core/3.28.0/javaparser-core-3.28.0.pom (5.0 kB at 147 kB/s)
[INFO] Downloading from central: https://repo.maven.apache.org/maven2/com/github/javaparser/javaparser-parent/3.28.0/javaparser-parent-3.28.0.pom
[INFO] Downloaded from central: https://repo.maven.apache.org/maven2/com/github/javaparser/javaparser-parent/3.28.0/javaparser-parent-3.28.0.pom (26 kB at 734 kB/s)
[INFO] Downloading from central: https://repo.maven.apache.org/maven2/com/github/javaparser/javaparser-core/3.28.0/javaparser-core-3.28.0.jar
[INFO] Downloaded from central: https://repo.maven.apache.org/maven2/com/github/javaparser/javaparser-core/3.28.0/javaparser-core-3.28.0.jar (1.5 MB at 24 MB/s)
[INFO] Downloading from central: https://repo.maven.apache.org/maven2/com/google/guava/guava/33.5.0-jre/guava-33.5.0-jre.jar
[INFO] Downloaded from central: https://repo.maven.apache.org/maven2/com/google/guava/guava/33.5.0-jre/guava-33.5.0-jre.jar (3.0 MB at 31 MB/s)
[INFO] Processed 0 files in 00:00.000 (Already Sorted: 0, Needed Sorting: 0)
[INFO] 
[INFO] --- flatten:1.8.0:flatten (default-cli) @ camel-parent ---
[INFO] Generating flattened POM of project org.apache.camel:camel-parent:pom:4.22.0...
[INFO] 
[INFO] ----------------------< org.apache.camel:tooling >----------------------
[INFO] Building Camel :: Tooling 4.22.0                                  [4/14]
[INFO]   from tooling/pom.xml
[INFO] --------------------------------[ pom ]---------------------------------
[INFO] 
[INFO] --- clean:3.5.0:clean (default-clean) @ tooling ---
[INFO] 
[INFO] --- enforcer:3.6.3:enforce (enforce-maven-version) @ tooling ---
[INFO] Rule Config Provider org.apache.maven.enforcer.rules.ExternalRules executed
[INFO] Rule 1: org.apache.maven.enforcer.rules.dependency.BannedDependencies passed
[INFO] 
[INFO] --- enforcer:3.6.3:enforce (enforce-java-version) @ tooling ---
[INFO] 
[INFO] --- license:5.1.1:format (license-format) @ tooling ---
[INFO] Updating license headers...
[INFO] License format: 1 file(s) processed (Added: 0, Replaced: 0, OK: 1, Unknown: 0)
[INFO] 
[INFO] --- formatter:2.29.0:format (format) @ tooling ---
[INFO] 
[INFO] --- impsort:1.13.0:sort (sort-imports) @ tooling ---
[INFO] Processed 0 files in 00:00.000 (Already Sorted: 0, Needed Sorting: 0)
[INFO] 
[INFO] --- flatten:1.8.0:flatten (default-cli) @ tooling ---
[INFO] Generating flattened POM of project org.apache.camel:tooling:pom:4.22.0...
[INFO] 
[INFO] ----------------< org.apache.camel:camel-tooling-util >-----------------
[INFO] Building Camel :: Tooling :: Util 4.22.0                          [5/14]
[INFO]   from tooling/camel-tooling-util/pom.xml
[INFO] --------------------------------[ jar ]---------------------------------
[INFO] Downloading from central: https://repo1.maven.org/maven2/org/jspecify/jspecify/1.0.1/jspecify-1.0.1.pom
[INFO] Downloaded from central: https://repo1.maven.org/maven2/org/jspecify/jspecify/1.0.1/jspecify-1.0.1.pom (1.9 kB at 72 kB/s)
[INFO] Downloading from central: https://repo1.maven.org/maven2/org/jspecify/jspecify/1.0.1/jspecify-1.0.1.jar
[INFO] Downloaded from central: https://repo1.maven.org/maven2/org/jspecify/jspecify/1.0.1/jspecify-1.0.1.jar (3.1 kB at 128 kB/s)
[INFO] 
[INFO] --- clean:3.5.0:clean (default-clean) @ camel-tooling-util ---
[INFO] 
[INFO] --- enforcer:3.6.3:enforce (enforce-maven-version) @ camel-tooling-util ---
[INFO] Rule Config Provider org.apache.maven.enforcer.rules.ExternalRules executed
[INFO] Rule 1: org.apache.maven.enforcer.rules.dependency.BannedDependencies passed
[INFO] 
[INFO] --- enforcer:3.6.3:enforce (enforce-java-version) @ camel-tooling-util ---
[INFO] 
[INFO] --- license:5.1.1:format (license-format) @ camel-tooling-util ---
[INFO] Updating license headers...
[INFO] License format: 21 file(s) processed (Added: 0, Replaced: 0, OK: 21, Unknown: 0)
[INFO] 
[INFO] --- formatter:2.29.0:format (format) @ camel-tooling-util ---
[INFO] Processed 20 files in 3s984ms (Formatted: 0, Skipped: 0, Unchanged: 20, Failed: 0, Readonly: 0)
[INFO] 
[INFO] --- impsort:1.13.0:sort (sort-imports) @ camel-tooling-util ---
[INFO] Processed 20 files in 00:01.500 (Already Sorted: 20, Needed Sorting: 0)
[INFO] 
[INFO] --- resources:3.5.0:resources (default-resources) @ camel-tooling-util ---
[INFO] Copying 2 resources from src/main/resources to target/classes
[INFO] 
[INFO] --- flatten:1.8.0:flatten (default-cli) @ camel-tooling-util ---
[INFO] Generating flattened POM of project org.apache.camel:camel-tooling-util:jar:4.22.0...
[INFO] 
[INFO] --- compiler:3.15.0:compile (default-compile) @ camel-tooling-util ---
[INFO] Downloading from central: https://repo1.maven.org/maven2/org/infinispan/protostream/protostream-processor/6.0.7/protostream-processor-6.0.7.pom
[INFO] Downloaded from central: https://repo1.maven.org/maven2/org/infinispan/protostream/protostream-processor/6.0.7/protostream-processor-6.0.7.pom (3.0 kB at 104 kB/s)
[INFO] Downloading from central: https://repo1.maven.org/maven2/org/infinispan/protostream/parent/6.0.7/parent-6.0.7.pom
[INFO] Downloaded from central: https://repo1.maven.org/maven2/org/infinispan/protostream/parent/6.0.7/parent-6.0.7.pom (23 kB at 758 kB/s)
[INFO] Downloading from central: https://repo1.maven.org/maven2/org/infinispan/protostream/protostream/6.0.7/protostream-6.0.7.pom
[INFO] Downloaded from central: https://repo1.maven.org/maven2/org/infinispan/protostream/protostream/6.0.7/protostream-6.0.7.pom (5.7 kB at 189 kB/s)
[INFO] Downloading from central: https://repo1.maven.org/maven2/com/fasterxml/jackson/core/jackson-core/2.21.3/jackson-core-2.21.3.pom
[INFO] Downloaded from central: https://repo1.maven.org/maven2/com/fasterxml/jackson/core/jackson-core/2.21.3/jackson-core-2.21.3.pom (9.7 kB at 373 kB/s)
[INFO] Downloading from central: https://repo1.maven.org/maven2/com/fasterxml/jackson/jackson-base/2.21.3/jackson-base-2.21.3.pom
[INFO] Downloaded from central: https://repo1.maven.org/maven2/com/fasterxml/jackson/jackson-base/2.21.3/jackson-base-2.21.3.pom (13 kB at 461 kB/s)
[INFO] Downloading from central: https://repo1.maven.org/maven2/com/fasterxml/jackson/jackson-bom/2.21.3/jackson-bom-2.21.3.pom
[INFO] Downloaded from central: https://repo1.maven.org/maven2/com/fasterxml/jackson/jackson-bom/2.21.3/jackson-bom-2.21.3.pom (20 kB at 778 kB/s)
[INFO] Downloading from central: https://repo1.maven.org/maven2/org/infinispan/protostream/protostream-processor/6.0.7/protostream-processor-6.0.7.jar
[INFO] Downloaded from central: https://repo1.maven.org/maven2/org/infinispan/protostream/protostream-processor/6.0.7/protostream-processor-6.0.7.jar (86 kB at 2.8 MB/s)
[INFO] Downloading from central: https://repo1.maven.org/maven2/org/infinispan/protostream/protostream/6.0.7/protostream-6.0.7.jar
[INFO] Downloading from central: https://repo1.maven.org/maven2/com/fasterxml/jackson/core/jackson-core/2.21.3/jackson-core-2.21.3.jar
[INFO] Downloaded from central: https://repo1.maven.org/maven2/org/infinispan/protostream/protostream/6.0.7/protostream-6.0.7.jar (553 kB at 12 MB/s)
[INFO] Downloaded from central: https://repo1.maven.org/maven2/com/fasterxml/jackson/core/jackson-core/2.21.3/jackson-core-2.21.3.jar (594 kB at 5.1 MB/s)
[INFO] Recompiling the module because of changed source code.
[INFO] Compiling 15 source files with javac [debug deprecation release 17] to target/classes
[INFO] /home/srikanth/standoff/apache_camel/tooling/camel-tooling-util/src/main/java/org/apache/camel/tooling/util/srcgen/JavaClass.java: /home/srikanth/standoff/apache_camel/tooling/camel-tooling-util/src/main/java/org/apache/camel/tooling/util/srcgen/JavaClass.java uses unchecked or unsafe operations.
[INFO] /home/srikanth/standoff/apache_camel/tooling/camel-tooling-util/src/main/java/org/apache/camel/tooling/util/srcgen/JavaClass.java: Recompile with -Xlint:unchecked for details.
[INFO] 
[INFO] --- resources:3.5.0:testResources (default-testResources) @ camel-tooling-util ---
[INFO] Copying 5 resources from src/test/resources to target/test-classes
[INFO] 
[INFO] --- compiler:3.15.0:testCompile (default-testCompile) @ camel-tooling-util ---
[INFO] Recompiling the module because of changed dependency.
[INFO] Compiling 5 source files with javac [debug deprecation release 17] to target/test-classes
[INFO] 
[INFO] --- surefire:3.5.6:test (default-test) @ camel-tooling-util ---
[INFO] Skipped
[INFO] 
[INFO] --- jar:3.5.1:jar (default-jar) @ camel-tooling-util ---
[INFO] Building jar: /home/srikanth/standoff/apache_camel/tooling/camel-tooling-util/target/camel-tooling-util-4.22.0.jar
[INFO] 
[INFO] ------------------< org.apache.camel:tooling-parent >-------------------
[INFO] Building Camel :: Tooling Parent 4.22.0                           [6/14]
[INFO]   from tooling/parent/pom.xml
[INFO] --------------------------------[ pom ]---------------------------------
[INFO] 
[INFO] --- clean:3.5.0:clean (default-clean) @ tooling-parent ---
[INFO] 
[INFO] --- enforcer:3.6.3:enforce (enforce-maven-version) @ tooling-parent ---
[INFO] Rule Config Provider org.apache.maven.enforcer.rules.ExternalRules executed
[INFO] Rule 1: org.apache.maven.enforcer.rules.dependency.BannedDependencies passed
[INFO] 
[INFO] --- enforcer:3.6.3:enforce (enforce-java-version) @ tooling-parent ---
[INFO] 
[INFO] --- license:5.1.1:format (license-format) @ tooling-parent ---
[INFO] Updating license headers...
[INFO] License format: 1 file(s) processed (Added: 0, Replaced: 0, OK: 1, Unknown: 0)
[INFO] 
[INFO] --- formatter:2.29.0:format (format) @ tooling-parent ---
[INFO] 
[INFO] --- impsort:1.13.0:sort (sort-imports) @ tooling-parent ---
[INFO] Processed 0 files in 00:00.000 (Already Sorted: 0, Needed Sorting: 0)
[INFO] 
[INFO] --- flatten:1.8.0:flatten (default-cli) @ tooling-parent ---
[INFO] Generating flattened POM of project org.apache.camel:tooling-parent:pom:4.22.0...
[INFO] 
[INFO] -------------------< org.apache.camel:maven-plugins >-------------------
[INFO] Building Camel :: Maven Plugins 4.22.0                            [7/14]
[INFO]   from tooling/maven/pom.xml
[INFO] --------------------------------[ pom ]---------------------------------
[INFO] 
[INFO] --- clean:3.5.0:clean (default-clean) @ maven-plugins ---
[INFO] 
[INFO] --- enforcer:3.6.3:enforce (enforce-maven-version) @ maven-plugins ---
[INFO] Rule Config Provider org.apache.maven.enforcer.rules.ExternalRules executed
[INFO] Rule 1: org.apache.maven.enforcer.rules.dependency.BannedDependencies passed
[INFO] 
[INFO] --- enforcer:3.6.3:enforce (enforce-java-version) @ maven-plugins ---
[INFO] 
[INFO] --- license:5.1.1:format (license-format) @ maven-plugins ---
[INFO] Updating license headers...
[INFO] License format: 1 file(s) processed (Added: 0, Replaced: 0, OK: 1, Unknown: 0)
[INFO] 
[INFO] --- formatter:2.29.0:format (format) @ maven-plugins ---
[INFO] 
[INFO] --- impsort:1.13.0:sort (sort-imports) @ maven-plugins ---
[INFO] Processed 0 files in 00:00.000 (Already Sorted: 0, Needed Sorting: 0)
[INFO] 
[INFO] --- flatten:1.8.0:flatten (default-cli) @ maven-plugins ---
[INFO] Generating flattened POM of project org.apache.camel:maven-plugins:pom:4.22.0...
[INFO] 
[INFO] ------------------< org.apache.camel:spi-annotations >------------------
[INFO] Building Camel :: SPI Annotations 4.22.0                          [8/14]
[INFO]   from tooling/spi-annotations/pom.xml
[INFO] --------------------------------[ jar ]---------------------------------
[INFO] 
[INFO] --- clean:3.5.0:clean (default-clean) @ spi-annotations ---
[INFO] 
[INFO] --- enforcer:3.6.3:enforce (enforce-maven-version) @ spi-annotations ---
[INFO] Rule Config Provider org.apache.maven.enforcer.rules.ExternalRules executed
[INFO] Rule 1: org.apache.maven.enforcer.rules.dependency.BannedDependencies passed
[INFO] 
[INFO] --- enforcer:3.6.3:enforce (enforce-java-version) @ spi-annotations ---
[INFO] 
[INFO] --- license:5.1.1:format (license-format) @ spi-annotations ---
[INFO] Updating license headers...
[INFO] License format: 37 file(s) processed (Added: 0, Replaced: 0, OK: 37, Unknown: 0)
[INFO] 
[INFO] --- formatter:2.29.0:format (format) @ spi-annotations ---
[INFO] Processed 36 files in 569ms (Formatted: 0, Skipped: 0, Unchanged: 36, Failed: 0, Readonly: 0)
[INFO] 
[INFO] --- impsort:1.13.0:sort (sort-imports) @ spi-annotations ---
[INFO] Processed 35 files in 00:00.279 (Already Sorted: 35, Needed Sorting: 0)
[INFO] 
[INFO] --- resources:3.5.0:resources (default-resources) @ spi-annotations ---
[INFO] skip non existing resourceDirectory /home/srikanth/standoff/apache_camel/tooling/spi-annotations/src/main/resources
[INFO] 
[INFO] --- flatten:1.8.0:flatten (default-cli) @ spi-annotations ---
[INFO] Generating flattened POM of project org.apache.camel:spi-annotations:jar:4.22.0...
[INFO] 
[INFO] --- compiler:3.15.0:compile (default-compile) @ spi-annotations ---
[INFO] Recompiling the module because of changed source code.
[INFO] Compiling 35 source files with javac [debug deprecation release 17] to target/classes
[INFO] 
[INFO] --- resources:3.5.0:testResources (default-testResources) @ spi-annotations ---
[INFO] skip non existing resourceDirectory /home/srikanth/standoff/apache_camel/tooling/spi-annotations/src/test/resources
[INFO] 
[INFO] --- compiler:3.15.0:testCompile (default-testCompile) @ spi-annotations ---
[INFO] No sources to compile
[INFO] 
[INFO] --- surefire:3.5.6:test (default-test) @ spi-annotations ---
[INFO] Skipped
[INFO] 
[INFO] --- jar:3.5.1:jar (default-jar) @ spi-annotations ---
[INFO] Building jar: /home/srikanth/standoff/apache_camel/tooling/spi-annotations/target/spi-annotations-4.22.0.jar
[INFO] 
[INFO] ------------------< org.apache.camel:camel-util-json >------------------
[INFO] Building Camel :: Util :: JSon 4.22.0                             [9/14]
[INFO]   from tooling/camel-util-json/pom.xml
[INFO] --------------------------------[ jar ]---------------------------------
[INFO] 
[INFO] --- clean:3.5.0:clean (default-clean) @ camel-util-json ---
[INFO] 
[INFO] --- enforcer:3.6.3:enforce (enforce-maven-version) @ camel-util-json ---
[INFO] Rule Config Provider org.apache.maven.enforcer.rules.ExternalRules executed
[INFO] Rule 1: org.apache.maven.enforcer.rules.dependency.BannedDependencies passed
[INFO] 
[INFO] --- enforcer:3.6.3:enforce (enforce-java-version) @ camel-util-json ---
[INFO] 
[INFO] --- license:5.1.1:format (license-format) @ camel-util-json ---
[INFO] Updating license headers...
[INFO] License format: 12 file(s) processed (Added: 0, Replaced: 0, OK: 12, Unknown: 0)
[INFO] 
[INFO] --- formatter:2.29.0:format (format) @ camel-util-json ---
[INFO] Processed 11 files in 822ms (Formatted: 0, Skipped: 0, Unchanged: 11, Failed: 0, Readonly: 0)
[INFO] 
[INFO] --- impsort:1.13.0:sort (sort-imports) @ camel-util-json ---
[INFO] Processed 11 files in 00:00.603 (Already Sorted: 11, Needed Sorting: 0)
[INFO] 
[INFO] --- resources:3.5.0:resources (default-resources) @ camel-util-json ---
[INFO] Copying 2 resources from src/main/resources to target/classes
[INFO] 
[INFO] --- flatten:1.8.0:flatten (default-cli) @ camel-util-json ---
[INFO] Generating flattened POM of project org.apache.camel:camel-util-json:jar:4.22.0...
[INFO] 
[INFO] --- compiler:3.15.0:compile (default-compile) @ camel-util-json ---
[INFO] Recompiling the module because of changed source code.
[INFO] Compiling 7 source files with javac [debug deprecation release 17] to target/classes
[INFO] 
[INFO] --- resources:3.5.0:testResources (default-testResources) @ camel-util-json ---
[INFO] Copying 1 resource from src/test/resources to target/test-classes
[INFO] 
[INFO] --- compiler:3.15.0:testCompile (default-testCompile) @ camel-util-json ---
[INFO] Recompiling the module because of changed dependency.
[INFO] Compiling 4 source files with javac [debug deprecation release 17] to target/test-classes
[INFO] 
[INFO] --- surefire:3.5.6:test (default-test) @ camel-util-json ---
[INFO] Skipped
[INFO] 
[INFO] --- jar:3.5.1:jar (default-jar) @ camel-util-json ---
[INFO] Building jar: /home/srikanth/standoff/apache_camel/tooling/camel-util-json/target/camel-util-json-4.22.0.jar
[INFO] 
[INFO] ----------------< org.apache.camel:camel-tooling-model >----------------
[INFO] Building Camel :: Tooling :: Model 4.22.0                        [10/14]
[INFO]   from tooling/camel-tooling-model/pom.xml
[INFO] --------------------------------[ jar ]---------------------------------
[INFO] 
[INFO] --- clean:3.5.0:clean (default-clean) @ camel-tooling-model ---
[INFO] 
[INFO] --- enforcer:3.6.3:enforce (enforce-maven-version) @ camel-tooling-model ---
[INFO] Rule Config Provider org.apache.maven.enforcer.rules.ExternalRules executed
[INFO] Rule 1: org.apache.maven.enforcer.rules.dependency.BannedDependencies passed
[INFO] 
[INFO] --- enforcer:3.6.3:enforce (enforce-java-version) @ camel-tooling-model ---
[INFO] 
[INFO] --- license:5.1.1:format (license-format) @ camel-tooling-model ---
[INFO] Updating license headers...
[INFO] License format: 30 file(s) processed (Added: 0, Replaced: 0, OK: 30, Unknown: 0)
[INFO] 
[INFO] --- formatter:2.29.0:format (format) @ camel-tooling-model ---
[INFO] Processed 29 files in 536ms (Formatted: 0, Skipped: 0, Unchanged: 29, Failed: 0, Readonly: 0)
[INFO] 
[INFO] --- impsort:1.13.0:sort (sort-imports) @ camel-tooling-model ---
[INFO] Processed 29 files in 00:00.609 (Already Sorted: 29, Needed Sorting: 0)
[INFO] 
[INFO] --- resources:3.5.0:resources (default-resources) @ camel-tooling-model ---
[INFO] Copying 2 resources from src/main/resources to target/classes
[INFO] 
[INFO] --- flatten:1.8.0:flatten (default-cli) @ camel-tooling-model ---
[INFO] Generating flattened POM of project org.apache.camel:camel-tooling-model:jar:4.22.0...
[INFO] 
[INFO] --- compiler:3.15.0:compile (default-compile) @ camel-tooling-model ---
[INFO] Recompiling the module because of changed dependency.
[INFO] Compiling 25 source files with javac [debug deprecation release 17] to target/classes
[INFO] 
[INFO] --- resources:3.5.0:testResources (default-testResources) @ camel-tooling-model ---
[INFO] Copying 1 resource from src/test/resources to target/test-classes
[INFO] 
[INFO] --- compiler:3.15.0:testCompile (default-testCompile) @ camel-tooling-model ---
[INFO] Recompiling the module because of changed dependency.
[INFO] Compiling 4 source files with javac [debug deprecation release 17] to target/test-classes
[INFO] 
[INFO] --- surefire:3.5.6:test (default-test) @ camel-tooling-model ---
[INFO] Skipped
[INFO] 
[INFO] --- jar:3.5.1:jar (default-jar) @ camel-tooling-model ---
[INFO] Building jar: /home/srikanth/standoff/apache_camel/tooling/camel-tooling-model/target/camel-tooling-model-4.22.0.jar
[INFO] 
[INFO] ------------< org.apache.camel:camel-package-maven-plugin >-------------
[INFO] Building Camel :: Maven Plugins :: Camel Maven Package 4.22.0    [11/14]
[INFO]   from tooling/maven/camel-package-maven-plugin/pom.xml
[INFO] ----------------------------[ maven-plugin ]----------------------------
[INFO] Downloading from central: https://repo.maven.apache.org/maven2/org/eclipse/sisu/sisu-maven-plugin/1.1.0/sisu-maven-plugin-1.1.0.pom
[INFO] Downloaded from central: https://repo.maven.apache.org/maven2/org/eclipse/sisu/sisu-maven-plugin/1.1.0/sisu-maven-plugin-1.1.0.pom (5.1 kB at 137 kB/s)
[INFO] Downloading from central: https://repo.maven.apache.org/maven2/org/eclipse/sisu/sisu-inject/1.1.0/sisu-inject-1.1.0.pom
[INFO] Downloaded from central: https://repo.maven.apache.org/maven2/org/eclipse/sisu/sisu-inject/1.1.0/sisu-inject-1.1.0.pom (28 kB at 834 kB/s)
[INFO] Downloading from central: https://repo.maven.apache.org/maven2/org/eclipse/sisu/sisu-maven-plugin/1.1.0/sisu-maven-plugin-1.1.0.jar
[INFO] Downloaded from central: https://repo.maven.apache.org/maven2/org/eclipse/sisu/sisu-maven-plugin/1.1.0/sisu-maven-plugin-1.1.0.jar (15 kB at 472 kB/s)
[INFO] Downloading from central: https://repo.maven.apache.org/maven2/org/apache/maven/plugins/maven-plugin-plugin/3.15.2/maven-plugin-plugin-3.15.2.pom
[INFO] Downloaded from central: https://repo.maven.apache.org/maven2/org/apache/maven/plugins/maven-plugin-plugin/3.15.2/maven-plugin-plugin-3.15.2.pom (11 kB at 311 kB/s)
[INFO] Downloading from central: https://repo.maven.apache.org/maven2/org/apache/maven/plugin-tools/maven-plugin-tools/3.15.2/maven-plugin-tools-3.15.2.pom
[INFO] Downloaded from central: https://repo.maven.apache.org/maven2/org/apache/maven/plugin-tools/maven-plugin-tools/3.15.2/maven-plugin-tools-3.15.2.pom (18 kB at 588 kB/s)
[INFO] Downloading from central: https://repo.maven.apache.org/maven2/org/apache/maven/plugins/maven-plugin-plugin/3.15.2/maven-plugin-plugin-3.15.2.jar
[INFO] Downloaded from central: https://repo.maven.apache.org/maven2/org/apache/maven/plugins/maven-plugin-plugin/3.15.2/maven-plugin-plugin-3.15.2.jar (42 kB at 1.5 MB/s)
[INFO] Downloading from central: https://repo1.maven.org/maven2/org/mvel/mvel2/2.5.2.Final/mvel2-2.5.2.Final.pom
[INFO] Downloaded from central: https://repo1.maven.org/maven2/org/mvel/mvel2/2.5.2.Final/mvel2-2.5.2.Final.pom (9.7 kB at 314 kB/s)
[INFO] Downloading from central: https://repo1.maven.org/maven2/org/codehaus/plexus/plexus-classworlds/2.11.0/plexus-classworlds-2.11.0.pom
[INFO] Downloaded from central: https://repo1.maven.org/maven2/org/codehaus/plexus/plexus-classworlds/2.11.0/plexus-classworlds-2.11.0.pom (7.4 kB at 231 kB/s)
[INFO] Downloading from central: https://repo1.maven.org/maven2/org/apache/maven/plugin-tools/maven-plugin-annotations/3.15.2/maven-plugin-annotations-3.15.2.pom
[INFO] Downloaded from central: https://repo1.maven.org/maven2/org/apache/maven/plugin-tools/maven-plugin-annotations/3.15.2/maven-plugin-annotations-3.15.2.pom (1.4 kB at 53 kB/s)
[INFO] Downloading from central: https://repo1.maven.org/maven2/org/jboss/forge/roaster/roaster-api/2.31.1.Final/roaster-api-2.31.1.Final.pom
[INFO] Downloaded from central: https://repo1.maven.org/maven2/org/jboss/forge/roaster/roaster-api/2.31.1.Final/roaster-api-2.31.1.Final.pom (535 B at 11 kB/s)
[INFO] Downloading from central: https://repo1.maven.org/maven2/org/jboss/forge/roaster/roaster-parent/2.31.1.Final/roaster-parent-2.31.1.Final.pom
[INFO] Downloaded from central: https://repo1.maven.org/maven2/org/jboss/forge/roaster/roaster-parent/2.31.1.Final/roaster-parent-2.31.1.Final.pom (6.7 kB at 257 kB/s)
[INFO] Downloading from central: https://repo1.maven.org/maven2/org/jboss/forge/roaster/roaster-jdt/2.31.1.Final/roaster-jdt-2.31.1.Final.pom
[INFO] Downloaded from central: https://repo1.maven.org/maven2/org/jboss/forge/roaster/roaster-jdt/2.31.1.Final/roaster-jdt-2.31.1.Final.pom (4.4 kB at 158 kB/s)
[INFO] Downloading from central: https://repo1.maven.org/maven2/org/snakeyaml/snakeyaml-engine/3.0.1/snakeyaml-engine-3.0.1.pom
[INFO] Downloaded from central: https://repo1.maven.org/maven2/org/snakeyaml/snakeyaml-engine/3.0.1/snakeyaml-engine-3.0.1.pom (20 kB at 817 kB/s)
[INFO] Downloading from central: https://repo1.maven.org/maven2/com/fasterxml/jackson/core/jackson-databind/2.22.1/jackson-databind-2.22.1.pom
[INFO] Downloaded from central: https://repo1.maven.org/maven2/com/fasterxml/jackson/core/jackson-databind/2.22.1/jackson-databind-2.22.1.pom (23 kB at 853 kB/s)
[INFO] Downloading from central: https://repo1.maven.org/maven2/com/fasterxml/jackson/jackson-base/2.22.1/jackson-base-2.22.1.pom
[INFO] Downloaded from central: https://repo1.maven.org/maven2/com/fasterxml/jackson/jackson-base/2.22.1/jackson-base-2.22.1.pom (13 kB at 495 kB/s)
[INFO] Downloading from central: https://repo1.maven.org/maven2/com/fasterxml/jackson/core/jackson-core/2.22.1/jackson-core-2.22.1.pom
[INFO] Downloaded from central: https://repo1.maven.org/maven2/com/fasterxml/jackson/core/jackson-core/2.22.1/jackson-core-2.22.1.pom (9.7 kB at 404 kB/s)
[INFO] Downloading from central: https://repo1.maven.org/maven2/org/apache/logging/log4j/log4j-slf4j2-impl/2.25.4/log4j-slf4j2-impl-2.25.4.pom
[INFO] Downloaded from central: https://repo1.maven.org/maven2/org/apache/logging/log4j/log4j-slf4j2-impl/2.25.4/log4j-slf4j2-impl-2.25.4.pom (5.1 kB at 161 kB/s)
[INFO] Downloading from central: https://repo1.maven.org/maven2/org/apache/logging/log4j/log4j/2.25.4/log4j-2.25.4.pom
[INFO] Downloaded from central: https://repo1.maven.org/maven2/org/apache/logging/log4j/log4j/2.25.4/log4j-2.25.4.pom (41 kB at 1.5 MB/s)
[INFO] Downloading from central: https://repo1.maven.org/maven2/org/apache/logging/log4j/log4j-bom/2.25.4/log4j-bom-2.25.4.pom
[INFO] Downloaded from central: https://repo1.maven.org/maven2/org/apache/logging/log4j/log4j-bom/2.25.4/log4j-bom-2.25.4.pom (12 kB at 361 kB/s)
[INFO] Downloading from central: https://repo1.maven.org/maven2/com/fasterxml/jackson/jackson-bom/2.19.1/jackson-bom-2.19.1.pom
[INFO] Downloaded from central: https://repo1.maven.org/maven2/com/fasterxml/jackson/jackson-bom/2.19.1/jackson-bom-2.19.1.pom (20 kB at 810 kB/s)
[INFO] Downloading from central: https://repo1.maven.org/maven2/com/fasterxml/jackson/jackson-parent/2.19.2/jackson-parent-2.19.2.pom
[INFO] Downloaded from central: https://repo1.maven.org/maven2/com/fasterxml/jackson/jackson-parent/2.19.2/jackson-parent-2.19.2.pom (7.2 kB at 276 kB/s)
[INFO] Downloading from central: https://repo1.maven.org/maven2/org/apache/logging/log4j/log4j-api/2.25.4/log4j-api-2.25.4.pom
[INFO] Downloaded from central: https://repo1.maven.org/maven2/org/apache/logging/log4j/log4j-api/2.25.4/log4j-api-2.25.4.pom (4.5 kB at 150 kB/s)
[INFO] Downloading from central: https://repo1.maven.org/maven2/org/apache/logging/log4j/log4j-core/2.25.4/log4j-core-2.25.4.pom
[INFO] Downloaded from central: https://repo1.maven.org/maven2/org/apache/logging/log4j/log4j-core/2.25.4/log4j-core-2.25.4.pom (9.5 kB at 316 kB/s)
[INFO] Downloading from central: https://repo1.maven.org/maven2/org/assertj/assertj-core/3.27.7/assertj-core-3.27.7.pom
[INFO] Downloaded from central: https://repo1.maven.org/maven2/org/assertj/assertj-core/3.27.7/assertj-core-3.27.7.pom (3.8 kB at 127 kB/s)
[INFO] Downloading from central: https://repo1.maven.org/maven2/net/bytebuddy/byte-buddy/1.18.11/byte-buddy-1.18.11.pom
[INFO] Downloaded from central: https://repo1.maven.org/maven2/net/bytebuddy/byte-buddy/1.18.11/byte-buddy-1.18.11.pom (21 kB at 756 kB/s)
[INFO] Downloading from central: https://repo1.maven.org/maven2/net/bytebuddy/byte-buddy-parent/1.18.11/byte-buddy-parent-1.18.11.pom
[INFO] Downloaded from central: https://repo1.maven.org/maven2/net/bytebuddy/byte-buddy-parent/1.18.11/byte-buddy-parent-1.18.11.pom (69 kB at 2.4 MB/s)
[INFO] Downloading from central: https://repo1.maven.org/maven2/org/mvel/mvel2/2.5.2.Final/mvel2-2.5.2.Final.jar
[INFO] Downloaded from central: https://repo1.maven.org/maven2/org/mvel/mvel2/2.5.2.Final/mvel2-2.5.2.Final.jar (822 kB at 17 MB/s)
[INFO] Downloading from central: https://repo1.maven.org/maven2/org/codehaus/plexus/plexus-classworlds/2.11.0/plexus-classworlds-2.11.0.jar
[INFO] Downloading from central: https://repo1.maven.org/maven2/org/apache/maven/plugin-tools/maven-plugin-annotations/3.15.2/maven-plugin-annotations-3.15.2.jar
[INFO] Downloading from central: https://repo1.maven.org/maven2/org/jboss/forge/roaster/roaster-api/2.31.1.Final/roaster-api-2.31.1.Final.jar
[INFO] Downloading from central: https://repo1.maven.org/maven2/org/jboss/forge/roaster/roaster-jdt/2.31.1.Final/roaster-jdt-2.31.1.Final.jar
[INFO] Downloading from central: https://repo1.maven.org/maven2/org/snakeyaml/snakeyaml-engine/3.0.1/snakeyaml-engine-3.0.1.jar
[INFO] Downloaded from central: https://repo1.maven.org/maven2/org/codehaus/plexus/plexus-classworlds/2.11.0/plexus-classworlds-2.11.0.jar (54 kB at 2.0 MB/s)
[INFO] Downloading from central: https://repo1.maven.org/maven2/com/fasterxml/jackson/core/jackson-databind/2.22.1/jackson-databind-2.22.1.jar
[INFO] Downloaded from central: https://repo1.maven.org/maven2/org/apache/maven/plugin-tools/maven-plugin-annotations/3.15.2/maven-plugin-annotations-3.15.2.jar (14 kB at 359 kB/s)
[INFO] Downloading from central: https://repo1.maven.org/maven2/com/fasterxml/jackson/core/jackson-core/2.22.1/jackson-core-2.22.1.jar
[INFO] Downloaded from central: https://repo1.maven.org/maven2/org/jboss/forge/roaster/roaster-api/2.31.1.Final/roaster-api-2.31.1.Final.jar (87 kB at 1.4 MB/s)
[INFO] Downloading from central: https://repo1.maven.org/maven2/org/apache/logging/log4j/log4j-slf4j2-impl/2.25.4/log4j-slf4j2-impl-2.25.4.jar
[INFO] Downloaded from central: https://repo1.maven.org/maven2/org/snakeyaml/snakeyaml-engine/3.0.1/snakeyaml-engine-3.0.1.jar (299 kB at 3.6 MB/s)
[INFO] Downloading from central: https://repo1.maven.org/maven2/org/apache/logging/log4j/log4j-api/2.25.4/log4j-api-2.25.4.jar
[INFO] Downloaded from central: https://repo1.maven.org/maven2/com/fasterxml/jackson/core/jackson-core/2.22.1/jackson-core-2.22.1.jar (594 kB at 7.1 MB/s)
[INFO] Downloading from central: https://repo1.maven.org/maven2/org/apache/logging/log4j/log4j-core/2.25.4/log4j-core-2.25.4.jar
[INFO] Downloaded from central: https://repo1.maven.org/maven2/org/apache/logging/log4j/log4j-slf4j2-impl/2.25.4/log4j-slf4j2-impl-2.25.4.jar (30 kB at 347 kB/s)
[INFO] Downloading from central: https://repo1.maven.org/maven2/org/assertj/assertj-core/3.27.7/assertj-core-3.27.7.jar
[INFO] Downloaded from central: https://repo1.maven.org/maven2/com/fasterxml/jackson/core/jackson-databind/2.22.1/jackson-databind-2.22.1.jar (1.7 MB at 17 MB/s)
[INFO] Downloading from central: https://repo1.maven.org/maven2/net/bytebuddy/byte-buddy/1.18.11/byte-buddy-1.18.11.jar
[INFO] Downloaded from central: https://repo1.maven.org/maven2/org/apache/logging/log4j/log4j-api/2.25.4/log4j-api-2.25.4.jar (351 kB at 2.3 MB/s)
[INFO] Downloaded from central: https://repo1.maven.org/maven2/org/apache/logging/log4j/log4j-core/2.25.4/log4j-core-2.25.4.jar (2.0 MB at 11 MB/s)
[INFO] Downloaded from central: https://repo1.maven.org/maven2/org/assertj/assertj-core/3.27.7/assertj-core-3.27.7.jar (1.4 MB at 7.6 MB/s)
[INFO] Downloaded from central: https://repo1.maven.org/maven2/net/bytebuddy/byte-buddy/1.18.11/byte-buddy-1.18.11.jar (4.7 MB at 13 MB/s)
[INFO] Downloaded from central: https://repo1.maven.org/maven2/org/jboss/forge/roaster/roaster-jdt/2.31.1.Final/roaster-jdt-2.31.1.Final.jar (12 MB at 26 MB/s)
[INFO] 
[INFO] --- clean:3.5.0:clean (default-clean) @ camel-package-maven-plugin ---
[INFO] 
[INFO] --- enforcer:3.6.3:enforce (enforce-maven-version) @ camel-package-maven-plugin ---
[INFO] Rule Config Provider org.apache.maven.enforcer.rules.ExternalRules executed
[INFO] Rule 1: org.apache.maven.enforcer.rules.dependency.BannedDependencies passed
[INFO] 
[INFO] --- enforcer:3.6.3:enforce (enforce-java-version) @ camel-package-maven-plugin ---
[INFO] 
[INFO] --- license:5.1.1:format (license-format) @ camel-package-maven-plugin ---
[INFO] Updating license headers...
[INFO] License format: 134 file(s) processed (Added: 0, Replaced: 0, OK: 134, Unknown: 0)
[INFO] 
[INFO] --- formatter:2.29.0:format (format) @ camel-package-maven-plugin ---
[INFO] Processed 106 files in 3s988ms (Formatted: 0, Skipped: 0, Unchanged: 106, Failed: 0, Readonly: 0)
[INFO] 
[INFO] --- impsort:1.13.0:sort (sort-imports) @ camel-package-maven-plugin ---
[INFO] Processed 106 files in 00:04.641 (Already Sorted: 106, Needed Sorting: 0)
[INFO] 
[INFO] --- resources:3.5.0:resources (default-resources) @ camel-package-maven-plugin ---
[INFO] Copying 37 resources from src/main/resources to target/classes
[INFO] 
[INFO] --- flatten:1.8.0:flatten (default-cli) @ camel-package-maven-plugin ---
[INFO] Generating flattened POM of project org.apache.camel:camel-package-maven-plugin:maven-plugin:4.22.0...
[INFO] 
[INFO] --- compiler:3.15.0:compile (default-compile) @ camel-package-maven-plugin ---
[INFO] Recompiling the module because of changed dependency.
[INFO] Compiling 75 source files with javac [debug deprecation release 17] to target/classes
[WARNING] /home/srikanth/standoff/apache_camel/tooling/maven/camel-package-maven-plugin/src/main/java/org/apache/camel/maven/packaging/EndpointSchemaGeneratorMojo.java:[433,34] secret() in org.apache.camel.spi.Metadata has been deprecated
[WARNING] /home/srikanth/standoff/apache_camel/tooling/maven/camel-package-maven-plugin/src/main/java/org/apache/camel/maven/packaging/EndpointSchemaGeneratorMojo.java:[1000,62] secret() in org.apache.camel.spi.Metadata has been deprecated
[WARNING] /home/srikanth/standoff/apache_camel/tooling/maven/camel-package-maven-plugin/src/main/java/org/apache/camel/maven/packaging/EndpointSchemaGeneratorMojo.java:[1242,61] secret() in org.apache.camel.spi.Metadata has been deprecated
[WARNING] /home/srikanth/standoff/apache_camel/tooling/maven/camel-package-maven-plugin/src/main/java/org/apache/camel/maven/packaging/EndpointSchemaGeneratorMojo.java:[1388,61] secret() in org.apache.camel.spi.UriParam has been deprecated
[WARNING] /home/srikanth/standoff/apache_camel/tooling/maven/camel-package-maven-plugin/src/main/java/org/apache/camel/maven/packaging/EndpointSchemaGeneratorMojo.java:[1589,64] secret() in org.apache.camel.spi.UriPath has been deprecated
[WARNING] /home/srikanth/standoff/apache_camel/tooling/maven/camel-package-maven-plugin/src/main/java/org/apache/camel/maven/packaging/GeneratePojoBeanMojo.java:[261,28] secret() in org.apache.camel.spi.Metadata has been deprecated
[WARNING] /home/srikanth/standoff/apache_camel/tooling/maven/camel-package-maven-plugin/src/main/java/org/apache/camel/maven/packaging/PackageLanguageMojo.java:[352,31] secret() in org.apache.camel.spi.Metadata has been deprecated
[WARNING] /home/srikanth/standoff/apache_camel/tooling/maven/camel-package-maven-plugin/src/main/java/org/apache/camel/maven/packaging/PackageLanguageMojo.java:[354,51] secret() in org.apache.camel.spi.Metadata has been deprecated
[WARNING] /home/srikanth/standoff/apache_camel/tooling/maven/camel-package-maven-plugin/src/main/java/org/apache/camel/maven/packaging/SchemaGeneratorMojo.java:[405,45] secret() in org.apache.camel.spi.Metadata has been deprecated
[WARNING] /home/srikanth/standoff/apache_camel/tooling/maven/camel-package-maven-plugin/src/main/java/org/apache/camel/maven/packaging/SchemaGeneratorMojo.java:[407,67] secret() in org.apache.camel.spi.Metadata has been deprecated
[INFO] /home/srikanth/standoff/apache_camel/tooling/maven/camel-package-maven-plugin/src/main/java/org/apache/camel/maven/packaging/XRefCheckMojo.java: Some input files use unchecked or unsafe operations.
[INFO] /home/srikanth/standoff/apache_camel/tooling/maven/camel-package-maven-plugin/src/main/java/org/apache/camel/maven/packaging/XRefCheckMojo.java: Recompile with -Xlint:unchecked for details.
[INFO] 
[INFO] --- plugin:3.15.2:descriptor (default-descriptor) @ camel-package-maven-plugin ---
[INFO] Downloading from central: https://repo.maven.apache.org/maven2/org/apache/maven/plugin-tools/maven-plugin-tools-api/3.15.2/maven-plugin-tools-api-3.15.2.pom
[INFO] Downloaded from central: https://repo.maven.apache.org/maven2/org/apache/maven/plugin-tools/maven-plugin-tools-api/3.15.2/maven-plugin-tools-api-3.15.2.pom (6.5 kB at 185 kB/s)
[INFO] Downloading from central: https://repo.maven.apache.org/maven2/org/ow2/asm/asm/9.9/asm-9.9.pom
[INFO] Downloaded from central: https://repo.maven.apache.org/maven2/org/ow2/asm/asm/9.9/asm-9.9.pom (2.4 kB at 74 kB/s)
[INFO] Downloading from central: https://repo.maven.apache.org/maven2/org/apache/maven/plugin-tools/maven-plugin-tools-generators/3.15.2/maven-plugin-tools-generators-3.15.2.pom
[INFO] Downloaded from central: https://repo.maven.apache.org/maven2/org/apache/maven/plugin-tools/maven-plugin-tools-generators/3.15.2/maven-plugin-tools-generators-3.15.2.pom (3.8 kB at 120 kB/s)
[INFO] Downloading from central: https://repo.maven.apache.org/maven2/org/jsoup/jsoup/1.19.1/jsoup-1.19.1.pom
[INFO] Downloaded from central: https://repo.maven.apache.org/maven2/org/jsoup/jsoup/1.19.1/jsoup-1.19.1.pom (21 kB at 540 kB/s)
[INFO] Downloading from central: https://repo.maven.apache.org/maven2/net/sf/jtidy/jtidy/r938/jtidy-r938.pom
[INFO] Downloaded from central: https://repo.maven.apache.org/maven2/net/sf/jtidy/jtidy/r938/jtidy-r938.pom (9.2 kB at 256 kB/s)
[INFO] Downloading from central: https://repo.maven.apache.org/maven2/org/apache/maven/plugin-tools/maven-plugin-tools-java/3.15.2/maven-plugin-tools-java-3.15.2.pom
[INFO] Downloaded from central: https://repo.maven.apache.org/maven2/org/apache/maven/plugin-tools/maven-plugin-tools-java/3.15.2/maven-plugin-tools-java-3.15.2.pom (3.3 kB at 101 kB/s)
[INFO] Downloading from central: https://repo.maven.apache.org/maven2/org/apache/maven/plugin-tools/maven-plugin-tools-annotations/3.15.2/maven-plugin-tools-annotations-3.15.2.pom
[INFO] Downloaded from central: https://repo.maven.apache.org/maven2/org/apache/maven/plugin-tools/maven-plugin-tools-annotations/3.15.2/maven-plugin-tools-annotations-3.15.2.pom (5.4 kB at 139 kB/s)
[INFO] Downloading from central: https://repo.maven.apache.org/maven2/org/codehaus/plexus/plexus-archiver/4.10.3/plexus-archiver-4.10.3.pom
[INFO] Downloaded from central: https://repo.maven.apache.org/maven2/org/codehaus/plexus/plexus-archiver/4.10.3/plexus-archiver-4.10.3.pom (7.0 kB at 105 kB/s)
[INFO] Downloading from central: https://repo.maven.apache.org/maven2/org/codehaus/plexus/plexus-io/3.5.2/plexus-io-3.5.2.pom
[INFO] Downloaded from central: https://repo.maven.apache.org/maven2/org/codehaus/plexus/plexus-io/3.5.2/plexus-io-3.5.2.pom (4.0 kB at 89 kB/s)
[INFO] Downloading from central: https://repo.maven.apache.org/maven2/com/github/luben/zstd-jni/1.5.7-5/zstd-jni-1.5.7-5.pom
[INFO] Downloaded from central: https://repo.maven.apache.org/maven2/com/github/luben/zstd-jni/1.5.7-5/zstd-jni-1.5.7-5.pom (2.0 kB at 44 kB/s)
[INFO] Downloading from central: https://repo.maven.apache.org/maven2/org/ow2/asm/asm-util/9.9/asm-util-9.9.pom
[INFO] Downloaded from central: https://repo.maven.apache.org/maven2/org/ow2/asm/asm-util/9.9/asm-util-9.9.pom (2.9 kB at 67 kB/s)
[INFO] Downloading from central: https://repo.maven.apache.org/maven2/org/ow2/asm/asm-tree/9.9/asm-tree-9.9.pom
[INFO] Downloaded from central: https://repo.maven.apache.org/maven2/org/ow2/asm/asm-tree/9.9/asm-tree-9.9.pom (2.6 kB at 54 kB/s)
[INFO] Downloading from central: https://repo.maven.apache.org/maven2/org/ow2/asm/asm-analysis/9.9/asm-analysis-9.9.pom
[INFO] Downloaded from central: https://repo.maven.apache.org/maven2/org/ow2/asm/asm-analysis/9.9/asm-analysis-9.9.pom (2.6 kB at 39 kB/s)
[INFO] Downloading from central: https://repo.maven.apache.org/maven2/org/apache/maven/plugin-tools/maven-plugin-tools-ant/3.15.2/maven-plugin-tools-ant-3.15.2.pom
[INFO] Downloaded from central: https://repo.maven.apache.org/maven2/org/apache/maven/plugin-tools/maven-plugin-tools-ant/3.15.2/maven-plugin-tools-ant-3.15.2.pom (2.9 kB at 48 kB/s)
[INFO] Downloading from central: https://repo.maven.apache.org/maven2/org/apache/maven/plugin-tools/maven-script/3.15.2/maven-script-3.15.2.pom
[INFO] Downloaded from central: https://repo.maven.apache.org/maven2/org/apache/maven/plugin-tools/maven-script/3.15.2/maven-script-3.15.2.pom (1.8 kB at 37 kB/s)
[INFO] Downloading from central: https://repo.maven.apache.org/maven2/org/apache/maven/plugin-tools/maven-plugin-tools-model/3.15.2/maven-plugin-tools-model-3.15.2.pom
[INFO] Downloaded from central: https://repo.maven.apache.org/maven2/org/apache/maven/plugin-tools/maven-plugin-tools-model/3.15.2/maven-plugin-tools-model-3.15.2.pom (3.3 kB at 84 kB/s)
[INFO] Downloading from central: https://repo.maven.apache.org/maven2/org/apache/maven/plugin-tools/maven-plugin-tools-beanshell/3.15.2/maven-plugin-tools-beanshell-3.15.2.pom
[INFO] Downloaded from central: https://repo.maven.apache.org/maven2/org/apache/maven/plugin-tools/maven-plugin-tools-beanshell/3.15.2/maven-plugin-tools-beanshell-3.15.2.pom (2.3 kB at 53 kB/s)
[INFO] Downloading from central: https://repo.maven.apache.org/maven2/org/apache/maven/resolver/maven-resolver-util/1.9.24/maven-resolver-util-1.9.24.pom
[INFO] Downloaded from central: https://repo.maven.apache.org/maven2/org/apache/maven/resolver/maven-resolver-util/1.9.24/maven-resolver-util-1.9.24.pom (2.2 kB at 53 kB/s)
[INFO] Downloading from central: https://repo.maven.apache.org/maven2/org/apache/maven/resolver/maven-resolver/1.9.24/maven-resolver-1.9.24.pom
[INFO] Downloaded from central: https://repo.maven.apache.org/maven2/org/apache/maven/resolver/maven-resolver/1.9.24/maven-resolver-1.9.24.pom (25 kB at 663 kB/s)
[INFO] Downloading from central: https://repo.maven.apache.org/maven2/org/apache/maven/resolver/maven-resolver-api/1.9.24/maven-resolver-api-1.9.24.pom
[INFO] Downloaded from central: https://repo.maven.apache.org/maven2/org/apache/maven/resolver/maven-resolver-api/1.9.24/maven-resolver-api-1.9.24.pom (2.2 kB at 50 kB/s)
[INFO] Downloading from central: https://repo.maven.apache.org/maven2/org/apache/maven/plugin-tools/maven-plugin-tools-api/3.15.2/maven-plugin-tools-api-3.15.2.jar
[INFO] Downloaded from central: https://repo.maven.apache.org/maven2/org/apache/maven/plugin-tools/maven-plugin-tools-api/3.15.2/maven-plugin-tools-api-3.15.2.jar (54 kB at 1.4 MB/s)
[INFO] Downloading from central: https://repo.maven.apache.org/maven2/org/apache/maven/wagon/wagon-provider-api/3.5.3/wagon-provider-api-3.5.3.jar
[INFO] Downloading from central: https://repo.maven.apache.org/maven2/org/apache/maven/plugin-tools/maven-plugin-tools-generators/3.15.2/maven-plugin-tools-generators-3.15.2.jar
[INFO] Downloading from central: https://repo.maven.apache.org/maven2/org/jsoup/jsoup/1.19.1/jsoup-1.19.1.jar
[INFO] Downloading from central: https://repo.maven.apache.org/maven2/net/sf/jtidy/jtidy/r938/jtidy-r938.jar
[INFO] Downloading from central: https://repo.maven.apache.org/maven2/org/apache/maven/plugin-tools/maven-plugin-tools-java/3.15.2/maven-plugin-tools-java-3.15.2.jar
[INFO] Downloaded from central: https://repo.maven.apache.org/maven2/org/apache/maven/plugin-tools/maven-plugin-tools-java/3.15.2/maven-plugin-tools-java-3.15.2.jar (18 kB at 575 kB/s)
[INFO] Downloading from central: https://repo.maven.apache.org/maven2/org/apache/maven/plugin-tools/maven-plugin-tools-annotations/3.15.2/maven-plugin-tools-annotations-3.15.2.jar
[INFO] Downloaded from central: https://repo.maven.apache.org/maven2/org/apache/maven/wagon/wagon-provider-api/3.5.3/wagon-provider-api-3.5.3.jar (55 kB at 1.5 MB/s)
[INFO] Downloading from central: https://repo.maven.apache.org/maven2/org/codehaus/plexus/plexus-archiver/4.10.3/plexus-archiver-4.10.3.jar
[INFO] Downloaded from central: https://repo.maven.apache.org/maven2/org/apache/maven/plugin-tools/maven-plugin-tools-generators/3.15.2/maven-plugin-tools-generators-3.15.2.jar (42 kB at 993 kB/s)
[INFO] Downloading from central: https://repo.maven.apache.org/maven2/org/codehaus/plexus/plexus-io/3.5.2/plexus-io-3.5.2.jar
[INFO] Downloaded from central: https://repo.maven.apache.org/maven2/net/sf/jtidy/jtidy/r938/jtidy-r938.jar (250 kB at 6.0 MB/s)
[INFO] Downloading from central: https://repo.maven.apache.org/maven2/com/github/luben/zstd-jni/1.5.7-5/zstd-jni-1.5.7-5.jar
[INFO] Downloaded from central: https://repo.maven.apache.org/maven2/org/jsoup/jsoup/1.19.1/jsoup-1.19.1.jar (473 kB at 9.9 MB/s)
[INFO] Downloading from central: https://repo.maven.apache.org/maven2/org/ow2/asm/asm/9.9/asm-9.9.jar
[INFO] Downloaded from central: https://repo.maven.apache.org/maven2/org/apache/maven/plugin-tools/maven-plugin-tools-annotations/3.15.2/maven-plugin-tools-annotations-3.15.2.jar (78 kB at 1.5 MB/s)
[INFO] Downloading from central: https://repo.maven.apache.org/maven2/org/ow2/asm/asm-util/9.9/asm-util-9.9.jar
[INFO] Downloaded from central: https://repo.maven.apache.org/maven2/org/codehaus/plexus/plexus-archiver/4.10.3/plexus-archiver-4.10.3.jar (231 kB at 3.3 MB/s)
[INFO] Downloading from central: https://repo.maven.apache.org/maven2/org/ow2/asm/asm-tree/9.9/asm-tree-9.9.jar
[INFO] Downloaded from central: https://repo.maven.apache.org/maven2/org/codehaus/plexus/plexus-io/3.5.2/plexus-io-3.5.2.jar (80 kB at 1.1 MB/s)
[INFO] Downloading from central: https://repo.maven.apache.org/maven2/org/ow2/asm/asm-analysis/9.9/asm-analysis-9.9.jar
[INFO] Downloaded from central: https://repo.maven.apache.org/maven2/org/ow2/asm/asm/9.9/asm-9.9.jar (126 kB at 1.6 MB/s)
[INFO] Downloading from central: https://repo.maven.apache.org/maven2/org/apache/maven/plugin-tools/maven-plugin-tools-ant/3.15.2/maven-plugin-tools-ant-3.15.2.jar
[INFO] Downloaded from central: https://repo.maven.apache.org/maven2/org/ow2/asm/asm-util/9.9/asm-util-9.9.jar (95 kB at 1.1 MB/s)
[INFO] Downloading from central: https://repo.maven.apache.org/maven2/org/apache/maven/plugin-tools/maven-plugin-tools-model/3.15.2/maven-plugin-tools-model-3.15.2.jar
[INFO] Downloaded from central: https://repo.maven.apache.org/maven2/org/apache/maven/plugin-tools/maven-plugin-tools-ant/3.15.2/maven-plugin-tools-ant-3.15.2.jar (13 kB at 121 kB/s)
[INFO] Downloading from central: https://repo.maven.apache.org/maven2/org/apache/maven/plugin-tools/maven-plugin-tools-beanshell/3.15.2/maven-plugin-tools-beanshell-3.15.2.jar
[INFO] Downloaded from central: https://repo.maven.apache.org/maven2/org/apache/maven/plugin-tools/maven-plugin-tools-model/3.15.2/maven-plugin-tools-model-3.15.2.jar (30 kB at 257 kB/s)
[INFO] Downloading from central: https://repo.maven.apache.org/maven2/org/apache/maven/resolver/maven-resolver-util/1.9.24/maven-resolver-util-1.9.24.jar
[INFO] Downloaded from central: https://repo.maven.apache.org/maven2/org/ow2/asm/asm-tree/9.9/asm-tree-9.9.jar (52 kB at 400 kB/s)
[INFO] Downloaded from central: https://repo.maven.apache.org/maven2/org/apache/maven/plugin-tools/maven-plugin-tools-beanshell/3.15.2/maven-plugin-tools-beanshell-3.15.2.jar (14 kB at 98 kB/s)
[INFO] Downloaded from central: https://repo.maven.apache.org/maven2/org/apache/maven/resolver/maven-resolver-util/1.9.24/maven-resolver-util-1.9.24.jar (196 kB at 1.3 MB/s)
[INFO] Downloaded from central: https://repo.maven.apache.org/maven2/org/ow2/asm/asm-analysis/9.9/asm-analysis-9.9.jar (35 kB at 182 kB/s)
[INFO] Downloaded from central: https://repo.maven.apache.org/maven2/com/github/luben/zstd-jni/1.5.7-5/zstd-jni-1.5.7-5.jar (7.4 MB at 24 MB/s)
[INFO] Using 'UTF-8' encoding to read mojo source files.
[INFO] java-annotations mojo extractor found 53 mojo descriptors.
[INFO] java-javadoc mojo extractor found 0 mojo descriptor.
[INFO] ant mojo extractor found 0 mojo descriptor.
[INFO] bsh mojo extractor found 0 mojo descriptor.
[INFO] 
[INFO] --- sisu:1.1.0:main-index (generate-index) @ camel-package-maven-plugin ---
[INFO] Downloading from central: https://repo.maven.apache.org/maven2/org/eclipse/sisu/org.eclipse.sisu.inject/1.1.0/org.eclipse.sisu.inject-1.1.0.pom
[INFO] Downloaded from central: https://repo.maven.apache.org/maven2/org/eclipse/sisu/org.eclipse.sisu.inject/1.1.0/org.eclipse.sisu.inject-1.1.0.pom (18 kB at 399 kB/s)
[INFO] Downloading from central: https://repo.maven.apache.org/maven2/org/eclipse/sisu/org.eclipse.sisu.plexus/1.1.0/org.eclipse.sisu.plexus-1.1.0.pom
[INFO] Downloaded from central: https://repo.maven.apache.org/maven2/org/eclipse/sisu/org.eclipse.sisu.plexus/1.1.0/org.eclipse.sisu.plexus-1.1.0.pom (18 kB at 475 kB/s)
[INFO] Downloading from central: https://repo.maven.apache.org/maven2/org/eclipse/sisu/org.eclipse.sisu.inject/1.1.0/org.eclipse.sisu.inject-1.1.0.jar
[INFO] Downloaded from central: https://repo.maven.apache.org/maven2/org/eclipse/sisu/org.eclipse.sisu.inject/1.1.0/org.eclipse.sisu.inject-1.1.0.jar (307 kB at 7.1 MB/s)
[INFO] Downloading from central: https://repo.maven.apache.org/maven2/org/eclipse/sisu/org.eclipse.sisu.plexus/1.1.0/org.eclipse.sisu.plexus-1.1.0.jar
[INFO] Downloaded from central: https://repo.maven.apache.org/maven2/org/eclipse/sisu/org.eclipse.sisu.plexus/1.1.0/org.eclipse.sisu.plexus-1.1.0.jar (215 kB at 3.3 MB/s)
[INFO] 
[INFO] --- resources:3.5.0:testResources (default-testResources) @ camel-package-maven-plugin ---
[INFO] Copying 7 resources from src/test/resources to target/test-classes
[INFO] 
[INFO] --- compiler:3.15.0:testCompile (default-testCompile) @ camel-package-maven-plugin ---
[INFO] Recompiling the module because of changed dependency.
[INFO] Compiling 31 source files with javac [debug deprecation release 17] to target/test-classes
[WARNING] /home/srikanth/standoff/apache_camel/tooling/maven/camel-package-maven-plugin/src/test/java/org/apache/camel/maven/packaging/endpoint/SomeExtendingConstants.java:[24,38] secret() in org.apache.camel.spi.Metadata has been deprecated
[WARNING] /home/srikanth/standoff/apache_camel/tooling/maven/camel-package-maven-plugin/src/test/java/org/apache/camel/maven/packaging/endpoint/SomeExtendingConstants.java:[24,38] secret() in org.apache.camel.spi.Metadata has been deprecated
[WARNING] /home/srikanth/standoff/apache_camel/tooling/maven/camel-package-maven-plugin/src/test/java/org/apache/camel/maven/packaging/endpoint/SomeExtendingConstants.java:[24,38] secret() in org.apache.camel.spi.Metadata has been deprecated
[INFO] 
[INFO] --- surefire:3.5.6:test (default-test) @ camel-package-maven-plugin ---
[INFO] Skipped
[INFO] 
[INFO] --- jar:3.5.1:jar (default-jar) @ camel-package-maven-plugin ---
[INFO] Building jar: /home/srikanth/standoff/apache_camel/tooling/maven/camel-package-maven-plugin/target/camel-package-maven-plugin-4.22.0.jar
[INFO] Downloading from central: https://repo.maven.apache.org/maven2/org/codehaus/mojo/exec-maven-plugin/3.6.3/exec-maven-plugin-3.6.3.pom
[INFO] Downloaded from central: https://repo.maven.apache.org/maven2/org/codehaus/mojo/exec-maven-plugin/3.6.3/exec-maven-plugin-3.6.3.pom (16 kB at 432 kB/s)
[INFO] Downloading from central: https://repo.maven.apache.org/maven2/org/codehaus/mojo/exec-maven-plugin/3.6.3/exec-maven-plugin-3.6.3.jar
[INFO] Downloaded from central: https://repo.maven.apache.org/maven2/org/codehaus/mojo/exec-maven-plugin/3.6.3/exec-maven-plugin-3.6.3.jar (95 kB at 3.0 MB/s)
[INFO] 
[INFO] -----------------------< org.apache.camel:core >------------------------
[INFO] Building Camel :: Core Modules 4.22.0                            [12/14]
[INFO]   from core/pom.xml
[INFO] --------------------------------[ pom ]---------------------------------
[INFO] 
[INFO] --- clean:3.5.0:clean (default-clean) @ core ---
[INFO] 
[INFO] --- enforcer:3.6.3:enforce (enforce-maven-version) @ core ---
[INFO] Rule Config Provider org.apache.maven.enforcer.rules.ExternalRules executed
[INFO] Rule 1: org.apache.maven.enforcer.rules.dependency.BannedDependencies passed
[INFO] 
[INFO] --- enforcer:3.6.3:enforce (enforce-java-version) @ core ---
[INFO] 
[INFO] --- build-helper:3.6.1:add-source (default) @ core ---
[INFO] Source directory: /home/srikanth/standoff/apache_camel/core/src/generated/java added.
[INFO] 
[INFO] --- build-helper:3.6.1:add-resource (default) @ core ---
[INFO] 
[INFO] --- license:5.1.1:format (license-format) @ core ---
[INFO] Updating license headers...
[INFO] License format: 1 file(s) processed (Added: 0, Replaced: 0, OK: 1, Unknown: 0)
[INFO] 
[INFO] --- formatter:2.29.0:format (format) @ core ---
[INFO] 
[INFO] --- impsort:1.13.0:sort (sort-imports) @ core ---
[INFO] Processed 0 files in 00:00.000 (Already Sorted: 0, Needed Sorting: 0)
[INFO] 
[INFO] --- flatten:1.8.0:flatten (default-cli) @ core ---
[INFO] Generating flattened POM of project org.apache.camel:core:pom:4.22.0...
[INFO] 
[INFO] --- camel-package:4.22.0:generate (generate) @ core ---
[INFO] No previous run data found, generating files.
[INFO] Validation complete
[INFO] 
[INFO] --- compiler:3.15.0:compile (recompile) @ core ---
[INFO] No sources to compile
[INFO] 
[INFO] --- camel-package:4.22.0:generate-postcompile (generate-postcompile) @ core ---
[INFO] Skipping generation, everything is up to date.
[INFO] 
[INFO] --- camel-package:4.22.0:generate-others-list (generate-postcompile) @ core ---
[INFO] 
[INFO] --------------------< org.apache.camel:camel-util >---------------------
[INFO] Building Camel :: Util 4.22.0                                    [13/14]
[INFO]   from core/camel-util/pom.xml
[INFO] --------------------------------[ jar ]---------------------------------
[INFO] 
[INFO] --- clean:3.5.0:clean (default-clean) @ camel-util ---
[INFO] 
[INFO] --- enforcer:3.6.3:enforce (enforce-maven-version) @ camel-util ---
[INFO] Rule Config Provider org.apache.maven.enforcer.rules.ExternalRules executed
[INFO] Rule 1: org.apache.maven.enforcer.rules.dependency.BannedDependencies passed
[INFO] 
[INFO] --- enforcer:3.6.3:enforce (enforce-java-version) @ camel-util ---
[INFO] 
[INFO] --- build-helper:3.6.1:add-source (default) @ camel-util ---
[INFO] Source directory: /home/srikanth/standoff/apache_camel/core/camel-util/src/generated/java added.
[INFO] 
[INFO] --- build-helper:3.6.1:add-resource (default) @ camel-util ---
[INFO] 
[INFO] --- license:5.1.1:format (license-format) @ camel-util ---
[INFO] Updating license headers...
[INFO] License format: 126 file(s) processed (Added: 0, Replaced: 0, OK: 126, Unknown: 0)
[INFO] 
[INFO] --- formatter:2.29.0:format (format) @ camel-util ---
[INFO] Processed 121 files in 1s686ms (Formatted: 0, Skipped: 0, Unchanged: 121, Failed: 0, Readonly: 0)
[INFO] 
[INFO] --- impsort:1.13.0:sort (sort-imports) @ camel-util ---
[INFO] Processed 117 files in 00:01.876 (Already Sorted: 117, Needed Sorting: 0)
[INFO] 
[INFO] --- resources:3.5.0:resources (default-resources) @ camel-util ---
[INFO] Copying 1 resource from src/main/resources to target/classes
[INFO] Copying 2 resources from src/generated/resources to target/classes
[INFO] 
[INFO] --- flatten:1.8.0:flatten (default-cli) @ camel-util ---
[INFO] Generating flattened POM of project org.apache.camel:camel-util:jar:4.22.0...
[INFO] 
[INFO] --- compiler:3.15.0:compile (default-compile) @ camel-util ---
[INFO] Recompiling the module because of changed source code.
[INFO] Compiling 85 source files with javac [debug deprecation release 17] to target/classes
[INFO] /home/srikanth/standoff/apache_camel/core/camel-util/src/main/java/org/apache/camel/util/CollectionHelper.java: Some input files use unchecked or unsafe operations.
[INFO] /home/srikanth/standoff/apache_camel/core/camel-util/src/main/java/org/apache/camel/util/CollectionHelper.java: Recompile with -Xlint:unchecked for details.
[INFO] 
[INFO] --- compiler:3.15.0:compile (compile-java-21) @ camel-util ---
[INFO] Recompiling the module because of changed dependency.
[INFO] Compiling 1 source file with javac [debug deprecation release 21] to target/classes/META-INF/versions/21
[INFO] 
[INFO] --- camel-package:4.22.0:generate (generate) @ camel-util ---
[INFO] No previous run data found, generating files.
[INFO] Building index...
[INFO] Validation complete
[WARNING] No component doc file: /home/srikanth/standoff/apache_camel/core/camel-util/src/main/docs/util.adoc
[INFO] 
[INFO] --- compiler:3.15.0:compile (recompile) @ camel-util ---
[INFO] Recompiling the module because of added or removed source files.
[INFO] Compiling 85 source files with javac [debug deprecation release 17] to target/classes
[INFO] /home/srikanth/standoff/apache_camel/core/camel-util/src/main/java/org/apache/camel/util/CollectionHelper.java: Some input files use unchecked or unsafe operations.
[INFO] /home/srikanth/standoff/apache_camel/core/camel-util/src/main/java/org/apache/camel/util/CollectionHelper.java: Recompile with -Xlint:unchecked for details.
[INFO] 
[INFO] --- resources:3.5.0:testResources (default-testResources) @ camel-util ---
[INFO] Copying 2 resources from src/test/resources to target/test-classes
[INFO] 
[INFO] --- compiler:3.15.0:testCompile (default-testCompile) @ camel-util ---
[INFO] Recompiling the module because of changed dependency.
[INFO] Compiling 32 source files with javac [debug deprecation release 17] to target/test-classes
[WARNING] /home/srikanth/standoff/apache_camel/core/camel-util/src/test/java/org/apache/camel/util/SkipLastNewlineInputStreamTest.java:[50,23] org.apache.camel.util.SkipLastByteInputStream in org.apache.camel.util has been deprecated
[WARNING] /home/srikanth/standoff/apache_camel/core/camel-util/src/test/java/org/apache/camel/util/SkipLastNewlineInputStreamTest.java:[60,23] org.apache.camel.util.SkipLastByteInputStream in org.apache.camel.util has been deprecated
[INFO] 
[INFO] --- surefire:3.5.6:test (default-test) @ camel-util ---
[INFO] Skipped
[INFO] 
[INFO] --- camel-package:4.22.0:generate-postcompile (generate-postcompile) @ camel-util ---
[INFO] Stale files detected, re-generating.
[INFO] Stale files detected, re-generating index.
[INFO] Building index...
[INFO] 
[INFO] --- camel-package:4.22.0:generate-others-list (generate-postcompile) @ camel-util ---
[INFO] Generated other.properties containing 1 Camel other: util
[INFO] 
[INFO] --- jar:3.5.1:jar (default-jar) @ camel-util ---
[INFO] Building jar: /home/srikanth/standoff/apache_camel/core/camel-util/target/camel-util-4.22.0.jar
[INFO] 
[INFO] --- source:3.4.0:jar-no-fork (attach-sources) @ camel-util ---
[INFO] Skipping source per configuration.
[INFO] 
[INFO] ---------------------< org.apache.camel:camel-api >---------------------
[INFO] Building Camel :: API 4.22.0                                     [14/14]
[INFO]   from core/camel-api/pom.xml
[INFO] --------------------------------[ jar ]---------------------------------
[INFO] 
[INFO] --- clean:3.5.0:clean (default-clean) @ camel-api ---
[INFO] 
[INFO] --- enforcer:3.6.3:enforce (enforce-maven-version) @ camel-api ---
[INFO] Rule Config Provider org.apache.maven.enforcer.rules.ExternalRules executed
[INFO] Rule 1: org.apache.maven.enforcer.rules.dependency.BannedDependencies passed
[INFO] 
[INFO] --- enforcer:3.6.3:enforce (enforce-java-version) @ camel-api ---
[INFO] 
[INFO] --- resources:3.5.0:copy-resources (copy-spi-annotations) @ camel-api ---
[INFO] Copying 36 resources from ../../tooling/spi-annotations/src/main/java to src/generated/java
[INFO] 
[INFO] --- build-helper:3.6.1:add-source (default) @ camel-api ---
[INFO] Source directory: /home/srikanth/standoff/apache_camel/core/camel-api/src/generated/java added.
[INFO] 
[INFO] --- build-helper:3.6.1:add-resource (default) @ camel-api ---
[INFO] 
[INFO] --- license:5.1.1:format (license-format) @ camel-api ---
[INFO] Updating license headers...
[INFO] License format: 550 file(s) processed (Added: 0, Replaced: 0, OK: 550, Unknown: 0)
[INFO] 
[INFO] --- formatter:2.29.0:format (format) @ camel-api ---
[INFO] Processed 549 files in 3s568ms (Formatted: 0, Skipped: 0, Unchanged: 549, Failed: 0, Readonly: 0)
[INFO] 
[INFO] --- impsort:1.13.0:sort (sort-imports) @ camel-api ---
[INFO] Processed 526 files in 00:03.546 (Already Sorted: 526, Needed Sorting: 0)
[INFO] 
[INFO] --- resources:3.5.0:resources (default-resources) @ camel-api ---
[INFO] skip non existing resourceDirectory /home/srikanth/standoff/apache_camel/core/camel-api/src/main/resources
[INFO] Copying 3 resources from src/generated/resources to target/classes
[INFO] 
[INFO] --- flatten:1.8.0:flatten (default-cli) @ camel-api ---
[INFO] Generating flattened POM of project org.apache.camel:camel-api:jar:4.22.0...
[INFO] 
[INFO] --- compiler:3.15.0:compile (default-compile) @ camel-api ---
[INFO] Recompiling the module because of changed dependency.
[INFO] Compiling 578 source files with javac [debug deprecation release 17] to target/classes
[WARNING] /home/srikanth/standoff/apache_camel/core/camel-api/src/main/java/org/apache/camel/Component.java:[103,40] org.apache.camel.component.extension.ComponentExtension in org.apache.camel.component.extension has been deprecated
[WARNING] /home/srikanth/standoff/apache_camel/core/camel-api/src/main/java/org/apache/camel/Component.java:[103,40] org.apache.camel.component.extension.ComponentExtension in org.apache.camel.component.extension has been deprecated
[WARNING] /home/srikanth/standoff/apache_camel/core/camel-api/src/main/java/org/apache/camel/Component.java:[103,40] org.apache.camel.component.extension.ComponentExtension in org.apache.camel.component.extension has been deprecated
[WARNING] /home/srikanth/standoff/apache_camel/core/camel-api/src/main/java/org/apache/camel/Component.java:[113,24] org.apache.camel.component.extension.ComponentExtension in org.apache.camel.component.extension has been deprecated
[WARNING] /home/srikanth/standoff/apache_camel/core/camel-api/src/main/java/org/apache/camel/Component.java:[113,24] org.apache.camel.component.extension.ComponentExtension in org.apache.camel.component.extension has been deprecated
[WARNING] /home/srikanth/standoff/apache_camel/core/camel-api/src/main/java/org/apache/camel/Component.java:[113,24] org.apache.camel.component.extension.ComponentExtension in org.apache.camel.component.extension has been deprecated
[WARNING] /home/srikanth/standoff/apache_camel/core/camel-api/src/main/java/org/apache/camel/ExchangePropertyKey.java:[63,29] FAILURE_HANDLED in org.apache.camel.Exchange has been deprecated
[WARNING] /home/srikanth/standoff/apache_camel/core/camel-api/src/main/java/org/apache/camel/ExchangePropertyKey.java:[212,26] PARENT_UNIT_OF_WORK in org.apache.camel.Exchange has been deprecated
[WARNING] /home/srikanth/standoff/apache_camel/core/camel-api/src/main/java/org/apache/camel/ExchangePropertyKey.java:[245,26] OTEL_ACTIVE_SPAN in org.apache.camel.Exchange has been deprecated
[WARNING] /home/srikanth/standoff/apache_camel/core/camel-api/src/main/java/org/apache/camel/ExchangePropertyKey.java:[248,26] OTEL_CLOSE_CLIENT_SCOPE in org.apache.camel.Exchange has been deprecated
[INFO] /home/srikanth/standoff/apache_camel/core/camel-api/src/main/java/org/apache/camel/spi/BulkTypeConverters.java: Some input files use unchecked or unsafe operations.
[INFO] /home/srikanth/standoff/apache_camel/core/camel-api/src/main/java/org/apache/camel/spi/BulkTypeConverters.java: Recompile with -Xlint:unchecked for details.
[INFO] 
[INFO] --- camel-package:4.22.0:generate (generate) @ camel-api ---
[INFO] No previous run data found, generating files.
[INFO] Building index...
[INFO] Generated /home/srikanth/standoff/apache_camel/core/camel-api/src/generated/resources containing 1 jaxb.index elements
[INFO] Validation complete
[WARNING] No component doc file: /home/srikanth/standoff/apache_camel/core/camel-api/src/main/docs/api.adoc
[INFO] 
[INFO] --- compiler:3.15.0:compile (recompile) @ camel-api ---
[INFO] Recompiling the module because of changed dependency.
[INFO] Compiling 578 source files with javac [debug deprecation release 17] to target/classes
[WARNING] /home/srikanth/standoff/apache_camel/core/camel-api/src/main/java/org/apache/camel/Component.java:[103,40] org.apache.camel.component.extension.ComponentExtension in org.apache.camel.component.extension has been deprecated
[WARNING] /home/srikanth/standoff/apache_camel/core/camel-api/src/main/java/org/apache/camel/Component.java:[103,40] org.apache.camel.component.extension.ComponentExtension in org.apache.camel.component.extension has been deprecated
[WARNING] /home/srikanth/standoff/apache_camel/core/camel-api/src/main/java/org/apache/camel/Component.java:[103,40] org.apache.camel.component.extension.ComponentExtension in org.apache.camel.component.extension has been deprecated
[WARNING] /home/srikanth/standoff/apache_camel/core/camel-api/src/main/java/org/apache/camel/Component.java:[113,24] org.apache.camel.component.extension.ComponentExtension in org.apache.camel.component.extension has been deprecated
[WARNING] /home/srikanth/standoff/apache_camel/core/camel-api/src/main/java/org/apache/camel/Component.java:[113,24] org.apache.camel.component.extension.ComponentExtension in org.apache.camel.component.extension has been deprecated
[WARNING] /home/srikanth/standoff/apache_camel/core/camel-api/src/main/java/org/apache/camel/Component.java:[113,24] org.apache.camel.component.extension.ComponentExtension in org.apache.camel.component.extension has been deprecated
[WARNING] /home/srikanth/standoff/apache_camel/core/camel-api/src/main/java/org/apache/camel/ExchangePropertyKey.java:[63,29] FAILURE_HANDLED in org.apache.camel.Exchange has been deprecated
[WARNING] /home/srikanth/standoff/apache_camel/core/camel-api/src/main/java/org/apache/camel/ExchangePropertyKey.java:[212,26] PARENT_UNIT_OF_WORK in org.apache.camel.Exchange has been deprecated
[WARNING] /home/srikanth/standoff/apache_camel/core/camel-api/src/main/java/org/apache/camel/ExchangePropertyKey.java:[245,26] OTEL_ACTIVE_SPAN in org.apache.camel.Exchange has been deprecated
[WARNING] /home/srikanth/standoff/apache_camel/core/camel-api/src/main/java/org/apache/camel/ExchangePropertyKey.java:[248,26] OTEL_CLOSE_CLIENT_SCOPE in org.apache.camel.Exchange has been deprecated
[INFO] /home/srikanth/standoff/apache_camel/core/camel-api/src/main/java/org/apache/camel/spi/BulkTypeConverters.java: Some input files use unchecked or unsafe operations.
[INFO] /home/srikanth/standoff/apache_camel/core/camel-api/src/main/java/org/apache/camel/spi/BulkTypeConverters.java: Recompile with -Xlint:unchecked for details.
[INFO] 
[INFO] --- resources:3.5.0:testResources (default-testResources) @ camel-api ---
[INFO] skip non existing resourceDirectory /home/srikanth/standoff/apache_camel/core/camel-api/src/test/resources
[INFO] 
[INFO] --- compiler:3.15.0:testCompile (default-testCompile) @ camel-api ---
[INFO] No sources to compile
[INFO] 
[INFO] --- surefire:3.5.6:test (default-test) @ camel-api ---
[INFO] Skipped
[INFO] 
[INFO] --- camel-package:4.22.0:generate-postcompile (generate-postcompile) @ camel-api ---
[INFO] Stale files detected, re-generating.
[INFO] Stale files detected, re-generating index.
[INFO] Building index...
[INFO] 
[INFO] --- camel-package:4.22.0:generate-others-list (generate-postcompile) @ camel-api ---
[INFO] Generated other.properties containing 1 Camel other: api
[INFO] 
[INFO] --- jar:3.5.1:jar (default-jar) @ camel-api ---
[INFO] Building jar: /home/srikanth/standoff/apache_camel/core/camel-api/target/camel-api-4.22.0.jar
[INFO] 
[INFO] --- source:3.4.0:jar-no-fork (attach-sources) @ camel-api ---
[INFO] Skipping source per configuration.
[INFO] ------------------------------------------------------------------------
[INFO] Reactor Summary for Camel 4.22.0:
[INFO] 
[INFO] Camel .............................................. SUCCESS [ 10.392 s]
[INFO] Camel :: Buildtools ................................ SUCCESS [  1.755 s]
[INFO] Camel :: Parent .................................... SUCCESS [  3.364 s]
[INFO] Camel :: Tooling ................................... SUCCESS [  0.335 s]
[INFO] Camel :: Tooling :: Util ........................... SUCCESS [ 10.883 s]
[INFO] Camel :: Tooling Parent ............................ SUCCESS [  0.197 s]
[INFO] Camel :: Maven Plugins ............................. SUCCESS [  0.202 s]
[INFO] Camel :: SPI Annotations ........................... SUCCESS [  1.933 s]
[INFO] Camel :: Util :: JSon .............................. SUCCESS [  2.889 s]
[INFO] Camel :: Tooling :: Model .......................... SUCCESS [  3.368 s]
[INFO] Camel :: Maven Plugins :: Camel Maven Package ...... SUCCESS [ 30.103 s]
[INFO] Camel :: Core Modules .............................. SUCCESS [  2.225 s]
[INFO] Camel :: Util ...................................... SUCCESS [ 13.936 s]
[INFO] Camel :: API ....................................... SUCCESS [ 18.063 s]
[INFO] ------------------------------------------------------------------------
[INFO] BUILD SUCCESS
[INFO] ------------------------------------------------------------------------
[INFO] Total time:  02:00 min
[INFO] Finished at: 2026-09-06T02:05:07Z
[INFO] ------------------------------------------------------------------------
[INFO] 166 goals, 166 executed
